path,filename,board,gas,concentration_ppm,day,size_mb
C:\Users\hg\PycharmProjects\mox_calibration_transfer\data\raw\B1_GCO_F010_R1.txt,B1_GCO_F010_R1.txt,B1,carbon_monoxide,1.0,,3.869
C:\Users\hg\PycharmProjects\mox_calibration_transfer\data\raw\B1_GCO_F010_R2.txt,B1_GCO_F010_R2.txt,B1,carbon_monoxide,1.0,,4.376861
C:\Users\hg\PycharmProjects\mox_calibration_transfer\data\raw\B1_GCO_F010_R3.txt,B1_GCO_F010_R3.txt,B1,carbon_monoxide,1.0,,4.376204
C:\Users\hg\PycharmProjects\mox_calibration_transfer\data\raw\B1_GCO_F010_R4.txt,B1_GCO_F010_R4.txt,B1,carbon_monoxide,1.0,,4.277581
C:\Users\hg\PycharmProjects\mox_calibration_transfer\data\raw\B1_GCO_F020_R1.txt,B1_GCO_F020_R1.txt,B1,carbon_monoxide,1.0,,4.379854
C:\Users\hg\PycharmProjects\mox_calibration_transfer\data\raw\B1_GCO_F020_R2.txt,B1_GCO_F020_R2.txt,B1,carbon_monoxide,1.0,,4.38
C:\Users\hg\PycharmProjects\mox_calibration_transfer\data\raw\B1_GCO_F020_R3.txt,B1_GCO_F020_R3.txt,B1,carbon_monoxide,1.0,,4.37562
C:\Users\hg\PycharmProjects\mox_calibration_transfer\data\raw\B1_GCO_F020_R4.txt,B1_GCO_F020_R4.txt,B1,carbon_monoxide,1.0,,4.274296
C:\Users\hg\PycharmProjects\mox_calibration_transfer\data\raw\B1_GCO_F030_R1.txt,B1_GCO_F030_R1.txt,B1,carbon_monoxide,1.0,,3.77337
C:\Users\hg\PycharmProjects\mox_calibration_transfer\data\raw\B1_GCO_F030_R2.txt,B1_GCO_F030_R2.txt,B1,carbon_monoxide,1.0,,4.375474
C:\Users\hg\PycharmProjects\mox_calibration_transfer\data\raw\B1_GCO_F030_R3.txt,B1_GCO_F030_R3.txt,B1,carbon_monoxide,1.0,,4.379708
C:\Users\hg\PycharmProjects\mox_calibration_transfer\data\raw\B1_GCO_F030_R4.txt,B1_GCO_F030_R4.txt,B1,carbon_monoxide,1.0,,4.274077
C:\Users\hg\PycharmProjects\mox_calibration_transfer\data\raw\B1_GCO_F040_R1.txt,B1_GCO_F040_R1.txt,B1,carbon_monoxide,1.0,,4.38
C:\Users\hg\PycharmProjects\mox_calibration_transfer\data\raw\B1_GCO_F040_R2.txt,B1_GCO_F040_R2.txt,B1,carbon_monoxide,1.0,,4.38
C:\Users\hg\PycharmProjects\mox_calibration_transfer\data\raw\B1_GCO_F040_R3.txt,B1_GCO_F040_R3.txt,B1,carbon_monoxide,1.0,,4.38
C:\Users\hg\PycharmProjects\mox_calibration_transfer\data\raw\B1_GCO_F040_R4.txt,B1_GCO_F040_R4.txt,B1,carbon_monoxide,1.0,,4.25079
C:\Users\hg\PycharmProjects\mox_calibration_transfer\data\raw\B1_GCO_F050_R1.txt,B1_GCO_F050_R1.txt,B1,carbon_monoxide,1.0,,3.521228
C:\Users\hg\PycharmProjects\mox_calibration_transfer\data\raw\B1_GCO_F050_R2.txt,B1_GCO_F050_R2.txt,B1,carbon_monoxide,1.0,,4.368466
C:\Users\hg\PycharmProjects\mox_calibration_transfer\data\raw\B1_GCO_F050_R3.txt,B1_GCO_F050_R3.txt,B1,carbon_monoxide,1.0,,4.38
C:\Users\hg\PycharmProjects\mox_calibration_transfer\data\raw\B1_GCO_F050_R4.txt,B1_GCO_F050_R4.txt,B1,carbon_monoxide,1.0,,4.270354
C:\Users\hg\PycharmProjects\mox_calibration_transfer\data\raw\B1_GCO_F060_R1.txt,B1_GCO_F060_R1.txt,B1,carbon_monoxide,1.0,,4.377153
C:\Users\hg\PycharmProjects\mox_calibration_transfer\data\raw\B1_GCO_F060_R2.txt,B1_GCO_F060_R2.txt,B1,carbon_monoxide,1.0,,4.378686
C:\Users\hg\PycharmProjects\mox_calibration_transfer\data\raw\B1_GCO_F060_R3.txt,B1_GCO_F060_R3.txt,B1,carbon_monoxide,1.0,,4.38
C:\Users\hg\PycharmProjects\mox_calibration_transfer\data\raw\B1_GCO_F060_R4.txt,B1_GCO_F060_R4.txt,B1,carbon_monoxide,1.0,,4.25736
C:\Users\hg\PycharmProjects\mox_calibration_transfer\data\raw\B1_GCO_F070_R1.txt,B1_GCO_F070_R1.txt,B1,carbon_monoxide,1.0,,4.378905
C:\Users\hg\PycharmProjects\mox_calibration_transfer\data\raw\B1_GCO_F070_R2.txt,B1_GCO_F070_R2.txt,B1,carbon_monoxide,1.0,,4.379854
C:\Users\hg\PycharmProjects\mox_calibration_transfer\data\raw\B1_GCO_F070_R3.txt,B1_GCO_F070_R3.txt,B1,carbon_monoxide,1.0,,4.378978
C:\Users\hg\PycharmProjects\mox_calibration_transfer\data\raw\B1_GCO_F070_R4.txt,B1_GCO_F070_R4.txt,B1,carbon_monoxide,1.0,,4.269332
C:\Users\hg\PycharmProjects\mox_calibration_transfer\data\raw\B1_GCO_F080_R1.txt,B1_GCO_F080_R1.txt,B1,carbon_monoxide,1.0,,4.38
C:\Users\hg\PycharmProjects\mox_calibration_transfer\data\raw\B1_GCO_F080_R2.txt,B1_GCO_F080_R2.txt,B1,carbon_monoxide,1.0,,4.376715
C:\Users\hg\PycharmProjects\mox_calibration_transfer\data\raw\B1_GCO_F080_R3.txt,B1_GCO_F080_R3.txt,B1,carbon_monoxide,1.0,,4.379927
C:\Users\hg\PycharmProjects\mox_calibration_transfer\data\raw\B1_GCO_F080_R4.txt,B1_GCO_F080_R4.txt,B1,carbon_monoxide,1.0,,4.279114
C:\Users\hg\PycharmProjects\mox_calibration_transfer\data\raw\B1_GCO_F090_R1.txt,B1_GCO_F090_R1.txt,B1,carbon_monoxide,1.0,,4.374817
C:\Users\hg\PycharmProjects\mox_calibration_transfer\data\raw\B1_GCO_F090_R2.txt,B1_GCO_F090_R2.txt,B1,carbon_monoxide,1.0,,4.378248
C:\Users\hg\PycharmProjects\mox_calibration_transfer\data\raw\B1_GCO_F090_R3.txt,B1_GCO_F090_R3.txt,B1,carbon_monoxide,1.0,,4.374306
C:\Users\hg\PycharmProjects\mox_calibration_transfer\data\raw\B1_GCO_F090_R4.txt,B1_GCO_F090_R4.txt,B1,carbon_monoxide,1.0,,4.257871
C:\Users\hg\PycharmProjects\mox_calibration_transfer\data\raw\B1_GCO_F100_R1.txt,B1_GCO_F100_R1.txt,B1,carbon_monoxide,1.0,,4.38
C:\Users\hg\PycharmProjects\mox_calibration_transfer\data\raw\B1_GCO_F100_R2.txt,B1_GCO_F100_R2.txt,B1,carbon_monoxide,1.0,,4.379635
C:\Users\hg\PycharmProjects\mox_calibration_transfer\data\raw\B1_GCO_F100_R3.txt,B1_GCO_F100_R3.txt,B1,carbon_monoxide,1.0,,4.38
C:\Users\hg\PycharmProjects\mox_calibration_transfer\data\raw\B1_GCO_F100_R4.txt,B1_GCO_F100_R4.txt,B1,carbon_monoxide,1.0,,4.278019
C:\Users\hg\PycharmProjects\mox_calibration_transfer\data\raw\B1_GEa_F010_R1.txt,B1_GEa_F010_R1.txt,B1,,1.0,,4.379854
C:\Users\hg\PycharmProjects\mox_calibration_transfer\data\raw\B1_GEa_F010_R2.txt,B1_GEa_F010_R2.txt,B1,,1.0,,4.379927
C:\Users\hg\PycharmProjects\mox_calibration_transfer\data\raw\B1_GEa_F010_R3.txt,B1_GEa_F010_R3.txt,B1,,1.0,,4.379562
C:\Users\hg\PycharmProjects\mox_calibration_transfer\data\raw\B1_GEa_F010_R4.txt,B1_GEa_F010_R4.txt,B1,,1.0,,4.362626
C:\Users\hg\PycharmProjects\mox_calibration_transfer\data\raw\B1_GEa_F020_R1.txt,B1_GEa_F020_R1.txt,B1,,1.0,,4.379927
C:\Users\hg\PycharmProjects\mox_calibration_transfer\data\raw\B1_GEa_F020_R2.txt,B1_GEa_F020_R2.txt,B1,,1.0,,4.38
C:\Users\hg\PycharmProjects\mox_calibration_transfer\data\raw\B1_GEa_F020_R3.txt,B1_GEa_F020_R3.txt,B1,,1.0,,4.379927
C:\Users\hg\PycharmProjects\mox_calibration_transfer\data\raw\B1_GEa_F020_R4.txt,B1_GEa_F020_R4.txt,B1,,1.0,,3.963681
C:\Users\hg\PycharmProjects\mox_calibration_transfer\data\raw\B1_GEa_F030_R1.txt,B1_GEa_F030_R1.txt,B1,,1.0,,4.38
C:\Users\hg\PycharmProjects\mox_calibration_transfer\data\raw\B1_GEa_F030_R2.txt,B1_GEa_F030_R2.txt,B1,,1.0,,4.22524
C:\Users\hg\PycharmProjects\mox_calibration_transfer\data\raw\B1_GEa_F030_R3.txt,B1_GEa_F030_R3.txt,B1,,1.0,,4.379562
C:\Users\hg\PycharmProjects\mox_calibration_transfer\data\raw\B1_GEa_F030_R4.txt,B1_GEa_F030_R4.txt,B1,,1.0,,4.378613
C:\Users\hg\PycharmProjects\mox_calibration_transfer\data\raw\B1_GEa_F040_R1.txt,B1_GEa_F040_R1.txt,B1,,1.0,,4.378905
C:\Users\hg\PycharmProjects\mox_calibration_transfer\data\raw\B1_GEa_F040_R2.txt,B1_GEa_F040_R2.txt,B1,,1.0,,4.379854
C:\Users\hg\PycharmProjects\mox_calibration_transfer\data\raw\B1_GEa_F040_R3.txt,B1_GEa_F040_R3.txt,B1,,1.0,,4.362991
C:\Users\hg\PycharmProjects\mox_calibration_transfer\data\raw\B1_GEa_F040_R4.txt,B1_GEa_F040_R4.txt,B1,,1.0,,4.124281
C:\Users\hg\PycharmProjects\mox_calibration_transfer\data\raw\B1_GEa_F050_R1.txt,B1_GEa_F050_R1.txt,B1,,1.0,,4.38
C:\Users\hg\PycharmProjects\mox_calibration_transfer\data\raw\B1_GEa_F050_R2.txt,B1_GEa_F050_R2.txt,B1,,1.0,,4.379781
C:\Users\hg\PycharmProjects\mox_calibration_transfer\data\raw\B1_GEa_F050_R3.txt,B1_GEa_F050_R3.txt,B1,,1.0,,4.38
C:\Users\hg\PycharmProjects\mox_calibration_transfer\data\raw\B1_GEa_F050_R4.txt,B1_GEa_F050_R4.txt,B1,,1.0,,4.377518
C:\Users\hg\PycharmProjects\mox_calibration_transfer\data\raw\B1_GEa_F060_R1.txt,B1_GEa_F060_R1.txt,B1,,1.0,,4.374598
C:\Users\hg\PycharmProjects\mox_calibration_transfer\data\raw\B1_GEa_F060_R2.txt,B1_GEa_F060_R2.txt,B1,,1.0,,4.365984
C:\Users\hg\PycharmProjects\mox_calibration_transfer\data\raw\B1_GEa_F060_R3.txt,B1_GEa_F060_R3.txt,B1,,1.0,,4.38
C:\Users\hg\PycharmProjects\mox_calibration_transfer\data\raw\B1_GEa_F060_R4.txt,B1_GEa_F060_R4.txt,B1,,1.0,,4.378905
C:\Users\hg\PycharmProjects\mox_calibration_transfer\data\raw\B1_GEa_F070_R1.txt,B1_GEa_F070_R1.txt,B1,,1.0,,4.38
C:\Users\hg\PycharmProjects\mox_calibration_transfer\data\raw\B1_GEa_F070_R2.txt,B1_GEa_F070_R2.txt,B1,,1.0,,4.372773
C:\Users\hg\PycharmProjects\mox_calibration_transfer\data\raw\B1_GEa_F070_R3.txt,B1_GEa_F070_R3.txt,B1,,1.0,,4.379927
C:\Users\hg\PycharmProjects\mox_calibration_transfer\data\raw\B1_GEa_F070_R4.txt,B1_GEa_F070_R4.txt,B1,,1.0,,4.378686
C:\Users\hg\PycharmProjects\mox_calibration_transfer\data\raw\B1_GEa_F080_R1.txt,B1_GEa_F080_R1.txt,B1,,1.0,,4.379051
C:\Users\hg\PycharmProjects\mox_calibration_transfer\data\raw\B1_GEa_F080_R2.txt,B1_GEa_F080_R2.txt,B1,,1.0,,4.378832
C:\Users\hg\PycharmProjects\mox_calibration_transfer\data\raw\B1_GEa_F080_R3.txt,B1_GEa_F080_R3.txt,B1,,1.0,,4.38
C:\Users\hg\PycharmProjects\mox_calibration_transfer\data\raw\B1_GEa_F080_R4.txt,B1_GEa_F080_R4.txt,B1,,1.0,,4.375401
C:\Users\hg\PycharmProjects\mox_calibration_transfer\data\raw\B1_GEa_F090_R1.txt,B1_GEa_F090_R1.txt,B1,,1.0,,4.379708
C:\Users\hg\PycharmProjects\mox_calibration_transfer\data\raw\B1_GEa_F090_R2.txt,B1_GEa_F090_R2.txt,B1,,1.0,,4.379927
C:\Users\hg\PycharmProjects\mox_calibration_transfer\data\raw\B1_GEa_F090_R3.txt,B1_GEa_F090_R3.txt,B1,,1.0,,4.372116
C:\Users\hg\PycharmProjects\mox_calibration_transfer\data\raw\B1_GEa_F090_R4.txt,B1_GEa_F090_R4.txt,B1,,1.0,,4.363721
C:\Users\hg\PycharmProjects\mox_calibration_transfer\data\raw\B1_GEa_F100_R1.txt,B1_GEa_F100_R1.txt,B1,,1.0,,4.376715
C:\Users\hg\PycharmProjects\mox_calibration_transfer\data\raw\B1_GEa_F100_R2.txt,B1_GEa_F100_R2.txt,B1,,1.0,,4.379343
C:\Users\hg\PycharmProjects\mox_calibration_transfer\data\raw\B1_GEa_F100_R3.txt,B1_GEa_F100_R3.txt,B1,,1.0,,4.378905
C:\Users\hg\PycharmProjects\mox_calibration_transfer\data\raw\B1_GEa_F100_R4.txt,B1_GEa_F100_R4.txt,B1,,1.0,,4.378321
C:\Users\hg\PycharmProjects\mox_calibration_transfer\data\raw\B1_GEy_F010_R1.txt,B1_GEy_F010_R1.txt,B1,,1.0,,4.375839
C:\Users\hg\PycharmProjects\mox_calibration_transfer\data\raw\B1_GEy_F010_R2.txt,B1_GEy_F010_R2.txt,B1,,1.0,,4.377737
C:\Users\hg\PycharmProjects\mox_calibration_transfer\data\raw\B1_GEy_F010_R3.txt,B1_GEy_F010_R3.txt,B1,,1.0,,4.375912
C:\Users\hg\PycharmProjects\mox_calibration_transfer\data\raw\B1_GEy_F010_R4.txt,B1_GEy_F010_R4.txt,B1,,1.0,,4.371167
C:\Users\hg\PycharmProjects\mox_calibration_transfer\data\raw\B1_GEy_F020_R1.txt,B1_GEy_F020_R1.txt,B1,,1.0,,4.377007
C:\Users\hg\PycharmProjects\mox_calibration_transfer\data\raw\B1_GEy_F020_R2.txt,B1_GEy_F020_R2.txt,B1,,1.0,,4.379124
C:\Users\hg\PycharmProjects\mox_calibration_transfer\data\raw\B1_GEy_F020_R3.txt,B1_GEy_F020_R3.txt,B1,,1.0,,4.377591
C:\Users\hg\PycharmProjects\mox_calibration_transfer\data\raw\B1_GEy_F020_R4.txt,B1_GEy_F020_R4.txt,B1,,1.0,,4.378321
C:\Users\hg\PycharmProjects\mox_calibration_transfer\data\raw\B1_GEy_F030_R1.txt,B1_GEy_F030_R1.txt,B1,,1.0,,4.38
C:\Users\hg\PycharmProjects\mox_calibration_transfer\data\raw\B1_GEy_F030_R2.txt,B1_GEy_F030_R2.txt,B1,,1.0,,4.38
C:\Users\hg\PycharmProjects\mox_calibration_transfer\data\raw\B1_GEy_F030_R3.txt,B1_GEy_F030_R3.txt,B1,,1.0,,4.376715
C:\Users\hg\PycharmProjects\mox_calibration_transfer\data\raw\B1_GEy_F030_R4.txt,B1_GEy_F030_R4.txt,B1,,1.0,,4.37927
C:\Users\hg\PycharmProjects\mox_calibration_transfer\data\raw\B1_GEy_F040_R1.txt,B1_GEy_F040_R1.txt,B1,,1.0,,4.38
C:\Users\hg\PycharmProjects\mox_calibration_transfer\data\raw\B1_GEy_F040_R2.txt,B1_GEy_F040_R2.txt,B1,,1.0,,4.379854
C:\Users\hg\PycharmProjects\mox_calibration_transfer\data\raw\B1_GEy_F040_R3.txt,B1_GEy_F040_R3.txt,B1,,1.0,,4.38
C:\Users\hg\PycharmProjects\mox_calibration_transfer\data\raw\B1_GEy_F040_R4.txt,B1_GEy_F040_R4.txt,B1,,1.0,,4.376715
C:\Users\hg\PycharmProjects\mox_calibration_transfer\data\raw\B1_GEy_F050_R1.txt,B1_GEy_F050_R1.txt,B1,,1.0,,4.379489
C:\Users\hg\PycharmProjects\mox_calibration_transfer\data\raw\B1_GEy_F050_R2.txt,B1_GEy_F050_R2.txt,B1,,1.0,,4.38
C:\Users\hg\PycharmProjects\mox_calibration_transfer\data\raw\B1_GEy_F050_R3.txt,B1_GEy_F050_R3.txt,B1,,1.0,,4.379854
C:\Users\hg\PycharmProjects\mox_calibration_transfer\data\raw\B1_GEy_F050_R4.txt,B1_GEy_F050_R4.txt,B1,,1.0,,4.365473
C:\Users\hg\PycharmProjects\mox_calibration_transfer\data\raw\B1_GEy_F060_R1.txt,B1_GEy_F060_R1.txt,B1,,1.0,,4.378905
C:\Users\hg\PycharmProjects\mox_calibration_transfer\data\raw\B1_GEy_F060_R2.txt,B1_GEy_F060_R2.txt,B1,,1.0,,4.073108
C:\Users\hg\PycharmProjects\mox_calibration_transfer\data\raw\B1_GEy_F060_R3.txt,B1_GEy_F060_R3.txt,B1,,1.0,,4.38
C:\Users\hg\PycharmProjects\mox_calibration_transfer\data\raw\B1_GEy_F060_R4.txt,B1_GEy_F060_R4.txt,B1,,1.0,,4.369634
C:\Users\hg\PycharmProjects\mox_calibration_transfer\data\raw\B1_GEy_F070_R1.txt,B1_GEy_F070_R1.txt,B1,,1.0,,4.38
C:\Users\hg\PycharmProjects\mox_calibration_transfer\data\raw\B1_GEy_F070_R2.txt,B1_GEy_F070_R2.txt,B1,,1.0,,4.38
C:\Users\hg\PycharmProjects\mox_calibration_transfer\data\raw\B1_GEy_F070_R3.txt,B1_GEy_F070_R3.txt,B1,,1.0,,4.38
C:\Users\hg\PycharmProjects\mox_calibration_transfer\data\raw\B1_GEy_F070_R4.txt,B1_GEy_F070_R4.txt,B1,,1.0,,4.371094
C:\Users\hg\PycharmProjects\mox_calibration_transfer\data\raw\B1_GEy_F080_R1.txt,B1_GEy_F080_R1.txt,B1,,1.0,,4.38
C:\Users\hg\PycharmProjects\mox_calibration_transfer\data\raw\B1_GEy_F080_R2.txt,B1_GEy_F080_R2.txt,B1,,1.0,,4.351384
C:\Users\hg\PycharmProjects\mox_calibration_transfer\data\raw\B1_GEy_F080_R3.txt,B1_GEy_F080_R3.txt,B1,,1.0,,4.38
C:\Users\hg\PycharmProjects\mox_calibration_transfer\data\raw\B1_GEy_F080_R4.txt,B1_GEy_F080_R4.txt,B1,,1.0,,4.378759
C:\Users\hg\PycharmProjects\mox_calibration_transfer\data\raw\B1_GEy_F090_R1.txt,B1_GEy_F090_R1.txt,B1,,1.0,,4.38
C:\Users\hg\PycharmProjects\mox_calibration_transfer\data\raw\B1_GEy_F090_R2.txt,B1_GEy_F090_R2.txt,B1,,1.0,,4.378467
C:\Users\hg\PycharmProjects\mox_calibration_transfer\data\raw\B1_GEy_F090_R3.txt,B1_GEy_F090_R3.txt,B1,,1.0,,4.378613
C:\Users\hg\PycharmProjects\mox_calibration_transfer\data\raw\B1_GEy_F090_R4.txt,B1_GEy_F090_R4.txt,B1,,1.0,,4.309847
C:\Users\hg\PycharmProjects\mox_calibration_transfer\data\raw\B1_GEy_F100_R1.txt,B1_GEy_F100_R1.txt,B1,,1.0,,4.374671
C:\Users\hg\PycharmProjects\mox_calibration_transfer\data\raw\B1_GEy_F100_R2.txt,B1_GEy_F100_R2.txt,B1,,1.0,,4.377299
C:\Users\hg\PycharmProjects\mox_calibration_transfer\data\raw\B1_GEy_F100_R3.txt,B1_GEy_F100_R3.txt,B1,,1.0,,4.377372
C:\Users\hg\PycharmProjects\mox_calibration_transfer\data\raw\B1_GEy_F100_R4.txt,B1_GEy_F100_R4.txt,B1,,1.0,,4.377956
C:\Users\hg\PycharmProjects\mox_calibration_transfer\data\raw\B1_GMe_F010_R1.txt,B1_GMe_F010_R1.txt,B1,,1.0,,4.379635
C:\Users\hg\PycharmProjects\mox_calibration_transfer\data\raw\B1_GMe_F010_R2.txt,B1_GMe_F010_R2.txt,B1,,1.0,,4.37635
C:\Users\hg\PycharmProjects\mox_calibration_transfer\data\raw\B1_GMe_F010_R3.txt,B1_GMe_F010_R3.txt,B1,,1.0,,4.379927
C:\Users\hg\PycharmProjects\mox_calibration_transfer\data\raw\B1_GMe_F010_R4.txt,B1_GMe_F010_R4.txt,B1,,1.0,,4.369707
C:\Users\hg\PycharmProjects\mox_calibration_transfer\data\raw\B1_GMe_F020_R1.txt,B1_GMe_F020_R1.txt,B1,,1.0,,4.378467
C:\Users\hg\PycharmProjects\mox_calibration_transfer\data\raw\B1_GMe_F020_R2.txt,B1_GMe_F020_R2.txt,B1,,1.0,,4.38
C:\Users\hg\PycharmProjects\mox_calibration_transfer\data\raw\B1_GMe_F020_R3.txt,B1_GMe_F020_R3.txt,B1,,1.0,,4.365692
C:\Users\hg\PycharmProjects\mox_calibration_transfer\data\raw\B1_GMe_F020_R4.txt,B1_GMe_F020_R4.txt,B1,,1.0,,4.358757
C:\Users\hg\PycharmProjects\mox_calibration_transfer\data\raw\B1_GMe_F030_R1.txt,B1_GMe_F030_R1.txt,B1,,1.0,,4.379927
C:\Users\hg\PycharmProjects\mox_calibration_transfer\data\raw\B1_GMe_F030_R2.txt,B1_GMe_F030_R2.txt,B1,,1.0,,4.377518
C:\Users\hg\PycharmProjects\mox_calibration_transfer\data\raw\B1_GMe_F030_R3.txt,B1_GMe_F030_R3.txt,B1,,1.0,,4.144064
C:\Users\hg\PycharmProjects\mox_calibration_transfer\data\raw\B1_GMe_F030_R4.txt,B1_GMe_F030_R4.txt,B1,,1.0,,4.365035
C:\Users\hg\PycharmProjects\mox_calibration_transfer\data\raw\B1_GMe_F040_R1.txt,B1_GMe_F040_R1.txt,B1,,1.0,,4.367298
C:\Users\hg\PycharmProjects\mox_calibration_transfer\data\raw\B1_GMe_F040_R2.txt,B1_GMe_F040_R2.txt,B1,,1.0,,4.375766
C:\Users\hg\PycharmProjects\mox_calibration_transfer\data\raw\B1_GMe_F040_R3.txt,B1_GMe_F040_R3.txt,B1,,1.0,,4.38
C:\Users\hg\PycharmProjects\mox_calibration_transfer\data\raw\B1_GMe_F040_R4.txt,B1_GMe_F040_R4.txt,B1,,1.0,,4.350508
C:\Users\hg\PycharmProjects\mox_calibration_transfer\data\raw\B1_GMe_F050_R1.txt,B1_GMe_F050_R1.txt,B1,,1.0,,4.38
C:\Users\hg\PycharmProjects\mox_calibration_transfer\data\raw\B1_GMe_F050_R2.txt,B1_GMe_F050_R2.txt,B1,,1.0,,4.372116
C:\Users\hg\PycharmProjects\mox_calibration_transfer\data\raw\B1_GMe_F050_R3.txt,B1_GMe_F050_R3.txt,B1,,1.0,,4.37781
C:\Users\hg\PycharmProjects\mox_calibration_transfer\data\raw\B1_GMe_F050_R4.txt,B1_GMe_F050_R4.txt,B1,,1.0,,4.365619
C:\Users\hg\PycharmProjects\mox_calibration_transfer\data\raw\B1_GMe_F060_R1.txt,B1_GMe_F060_R1.txt,B1,,1.0,,4.377883
C:\Users\hg\PycharmProjects\mox_calibration_transfer\data\raw\B1_GMe_F060_R2.txt,B1_GMe_F060_R2.txt,B1,,1.0,,4.378905
C:\Users\hg\PycharmProjects\mox_calibration_transfer\data\raw\B1_GMe_F060_R3.txt,B1_GMe_F060_R3.txt,B1,,1.0,,4.379635
C:\Users\hg\PycharmProjects\mox_calibration_transfer\data\raw\B1_GMe_F060_R4.txt,B1_GMe_F060_R4.txt,B1,,1.0,,4.367006
C:\Users\hg\PycharmProjects\mox_calibration_transfer\data\raw\B1_GMe_F070_R1.txt,B1_GMe_F070_R1.txt,B1,,1.0,,4.341821
C:\Users\hg\PycharmProjects\mox_calibration_transfer\data\raw\B1_GMe_F070_R2.txt,B1_GMe_F070_R2.txt,B1,,1.0,,4.38
C:\Users\hg\PycharmProjects\mox_calibration_transfer\data\raw\B1_GMe_F070_R3.txt,B1_GMe_F070_R3.txt,B1,,1.0,,4.38
C:\Users\hg\PycharmProjects\mox_calibration_transfer\data\raw\B1_GMe_F070_R4.txt,B1_GMe_F070_R4.txt,B1,,1.0,,4.352625
C:\Users\hg\PycharmProjects\mox_calibration_transfer\data\raw\B1_GMe_F080_R1.txt,B1_GMe_F080_R1.txt,B1,,1.0,,4.378832
C:\Users\hg\PycharmProjects\mox_calibration_transfer\data\raw\B1_GMe_F080_R2.txt,B1_GMe_F080_R2.txt,B1,,1.0,,4.374087
C:\Users\hg\PycharmProjects\mox_calibration_transfer\data\raw\B1_GMe_F080_R3.txt,B1_GMe_F080_R3.txt,B1,,1.0,,4.354231
C:\Users\hg\PycharmProjects\mox_calibration_transfer\data\raw\B1_GMe_F080_R4.txt,B1_GMe_F080_R4.txt,B1,,1.0,,4.359122
C:\Users\hg\PycharmProjects\mox_calibration_transfer\data\raw\B1_GMe_F090_R1.txt,B1_GMe_F090_R1.txt,B1,,1.0,,4.169906
C:\Users\hg\PycharmProjects\mox_calibration_transfer\data\raw\B1_GMe_F090_R2.txt,B1_GMe_F090_R2.txt,B1,,1.0,,4.378905
C:\Users\hg\PycharmProjects\mox_calibration_transfer\data\raw\B1_GMe_F090_R3.txt,B1_GMe_F090_R3.txt,B1,,1.0,,4.338974
C:\Users\hg\PycharmProjects\mox_calibration_transfer\data\raw\B1_GMe_F090_R4.txt,B1_GMe_F090_R4.txt,B1,,1.0,,4.36832
C:\Users\hg\PycharmProjects\mox_calibration_transfer\data\raw\B1_GMe_F100_R1.txt,B1_GMe_F100_R1.txt,B1,,1.0,,4.378102
C:\Users\hg\PycharmProjects\mox_calibration_transfer\data\raw\B1_GMe_F100_R2.txt,B1_GMe_F100_R2.txt,B1,,1.0,,4.373576
C:\Users\hg\PycharmProjects\mox_calibration_transfer\data\raw\B1_GMe_F100_R3.txt,B1_GMe_F100_R3.txt,B1,,1.0,,4.378321
C:\Users\hg\PycharmProjects\mox_calibration_transfer\data\raw\B1_GMe_F100_R4.txt,B1_GMe_F100_R4.txt,B1,,1.0,,4.371459
C:\Users\hg\PycharmProjects\mox_calibration_transfer\data\raw\B2_GCO_F010_R1.txt,B2_GCO_F010_R1.txt,B2,carbon_monoxide,2.0,,4.027556
C:\Users\hg\PycharmProjects\mox_calibration_transfer\data\raw\B2_GCO_F010_R2.txt,B2_GCO_F010_R2.txt,B2,carbon_monoxide,2.0,,4.375985
C:\Users\hg\PycharmProjects\mox_calibration_transfer\data\raw\B2_GCO_F010_R3.txt,B2_GCO_F010_R3.txt,B2,carbon_monoxide,2.0,,4.38
C:\Users\hg\PycharmProjects\mox_calibration_transfer\data\raw\B2_GCO_F010_R4.txt,B2_GCO_F010_R4.txt,B2,carbon_monoxide,2.0,,4.091723
C:\Users\hg\PycharmProjects\mox_calibration_transfer\data\raw\B2_GCO_F020_R1.txt,B2_GCO_F020_R1.txt,B2,carbon_monoxide,2.0,,4.38
C:\Users\hg\PycharmProjects\mox_calibration_transfer\data\raw\B2_GCO_F020_R2.txt,B2_GCO_F020_R2.txt,B2,carbon_monoxide,2.0,,4.373357
C:\Users\hg\PycharmProjects\mox_calibration_transfer\data\raw\B2_GCO_F020_R3.txt,B2_GCO_F020_R3.txt,B2,carbon_monoxide,2.0,,4.379708
C:\Users\hg\PycharmProjects\mox_calibration_transfer\data\raw\B2_GCO_F020_R4.txt,B2_GCO_F020_R4.txt,B2,carbon_monoxide,2.0,,4.378832
C:\Users\hg\PycharmProjects\mox_calibration_transfer\data\raw\B2_GCO_F030_R1.txt,B2_GCO_F030_R1.txt,B2,carbon_monoxide,2.0,,4.2924
C:\Users\hg\PycharmProjects\mox_calibration_transfer\data\raw\B2_GCO_F030_R2.txt,B2_GCO_F030_R2.txt,B2,carbon_monoxide,2.0,,4.379854
C:\Users\hg\PycharmProjects\mox_calibration_transfer\data\raw\B2_GCO_F030_R3.txt,B2_GCO_F030_R3.txt,B2,carbon_monoxide,2.0,,4.38
C:\Users\hg\PycharmProjects\mox_calibration_transfer\data\raw\B2_GCO_F030_R4.txt,B2_GCO_F030_R4.txt,B2,carbon_monoxide,2.0,,4.374452
C:\Users\hg\PycharmProjects\mox_calibration_transfer\data\raw\B2_GCO_F040_R1.txt,B2_GCO_F040_R1.txt,B2,carbon_monoxide,2.0,,4.38
C:\Users\hg\PycharmProjects\mox_calibration_transfer\data\raw\B2_GCO_F040_R2.txt,B2_GCO_F040_R2.txt,B2,carbon_monoxide,2.0,,4.375985
C:\Users\hg\PycharmProjects\mox_calibration_transfer\data\raw\B2_GCO_F040_R3.txt,B2_GCO_F040_R3.txt,B2,carbon_monoxide,2.0,,4.367298
C:\Users\hg\PycharmProjects\mox_calibration_transfer\data\raw\B2_GCO_F040_R4.txt,B2_GCO_F040_R4.txt,B2,carbon_monoxide,2.0,,4.365765
C:\Users\hg\PycharmProjects\mox_calibration_transfer\data\raw\B2_GCO_F050_R1.txt,B2_GCO_F050_R1.txt,B2,carbon_monoxide,2.0,,4.38
C:\Users\hg\PycharmProjects\mox_calibration_transfer\data\raw\B2_GCO_F050_R2.txt,B2_GCO_F050_R2.txt,B2,carbon_monoxide,2.0,,4.379562
C:\Users\hg\PycharmProjects\mox_calibration_transfer\data\raw\B2_GCO_F050_R3.txt,B2_GCO_F050_R3.txt,B2,carbon_monoxide,2.0,,4.377518
C:\Users\hg\PycharmProjects\mox_calibration_transfer\data\raw\B2_GCO_F050_R4.txt,B2_GCO_F050_R4.txt,B2,carbon_monoxide,2.0,,4.379927
C:\Users\hg\PycharmProjects\mox_calibration_transfer\data\raw\B2_GCO_F060_R1.txt,B2_GCO_F060_R1.txt,B2,carbon_monoxide,2.0,,4.375547
C:\Users\hg\PycharmProjects\mox_calibration_transfer\data\raw\B2_GCO_F060_R2.txt,B2_GCO_F060_R2.txt,B2,carbon_monoxide,2.0,,4.373795
C:\Users\hg\PycharmProjects\mox_calibration_transfer\data\raw\B2_GCO_F060_R3.txt,B2_GCO_F060_R3.txt,B2,carbon_monoxide,2.0,,4.38
C:\Users\hg\PycharmProjects\mox_calibration_transfer\data\raw\B2_GCO_F060_R4.txt,B2_GCO_F060_R4.txt,B2,carbon_monoxide,2.0,,4.379489
C:\Users\hg\PycharmProjects\mox_calibration_transfer\data\raw\B2_GCO_F070_R1.txt,B2_GCO_F070_R1.txt,B2,carbon_monoxide,2.0,,4.380073
C:\Users\hg\PycharmProjects\mox_calibration_transfer\data\raw\B2_GCO_F070_R2.txt,B2_GCO_F070_R2.txt,B2,carbon_monoxide,2.0,,4.367736
C:\Users\hg\PycharmProjects\mox_calibration_transfer\data\raw\B2_GCO_F070_R3.txt,B2_GCO_F070_R3.txt,B2,carbon_monoxide,2.0,,4.38
C:\Users\hg\PycharmProjects\mox_calibration_transfer\data\raw\B2_GCO_F070_R4.txt,B2_GCO_F070_R4.txt,B2,carbon_monoxide,2.0,,4.379927
C:\Users\hg\PycharmProjects\mox_calibration_transfer\data\raw\B2_GCO_F080_R1.txt,B2_GCO_F080_R1.txt,B2,carbon_monoxide,2.0,,4.379489
C:\Users\hg\PycharmProjects\mox_calibration_transfer\data\raw\B2_GCO_F080_R2.txt,B2_GCO_F080_R2.txt,B2,carbon_monoxide,2.0,,4.371021
C:\Users\hg\PycharmProjects\mox_calibration_transfer\data\raw\B2_GCO_F080_R3.txt,B2_GCO_F080_R3.txt,B2,carbon_monoxide,2.0,,4.38
C:\Users\hg\PycharmProjects\mox_calibration_transfer\data\raw\B2_GCO_F080_R4.txt,B2_GCO_F080_R4.txt,B2,carbon_monoxide,2.0,,4.38
C:\Users\hg\PycharmProjects\mox_calibration_transfer\data\raw\B2_GCO_F090_R1.txt,B2_GCO_F090_R1.txt,B2,carbon_monoxide,2.0,,4.37708
C:\Users\hg\PycharmProjects\mox_calibration_transfer\data\raw\B2_GCO_F090_R2.txt,B2_GCO_F090_R2.txt,B2,carbon_monoxide,2.0,,4.359706
C:\Users\hg\PycharmProjects\mox_calibration_transfer\data\raw\B2_GCO_F090_R3.txt,B2_GCO_F090_R3.txt,B2,carbon_monoxide,2.0,,4.33912
C:\Users\hg\PycharmProjects\mox_calibration_transfer\data\raw\B2_GCO_F090_R4.txt,B2_GCO_F090_R4.txt,B2,carbon_monoxide,2.0,,4.379416
C:\Users\hg\PycharmProjects\mox_calibration_transfer\data\raw\B2_GCO_F100_R1.txt,B2_GCO_F100_R1.txt,B2,carbon_monoxide,2.0,,4.104206
C:\Users\hg\PycharmProjects\mox_calibration_transfer\data\raw\B2_GCO_F100_R2.txt,B2_GCO_F100_R2.txt,B2,carbon_monoxide,2.0,,4.376423
C:\Users\hg\PycharmProjects\mox_calibration_transfer\data\raw\B2_GCO_F100_R3.txt,B2_GCO_F100_R3.txt,B2,carbon_monoxide,2.0,,4.378248
C:\Users\hg\PycharmProjects\mox_calibration_transfer\data\raw\B2_GCO_F100_R4.txt,B2_GCO_F100_R4.txt,B2,carbon_monoxide,2.0,,4.272763
C:\Users\hg\PycharmProjects\mox_calibration_transfer\data\raw\B2_GEa_F010_R1.txt,B2_GEa_F010_R1.txt,B2,,2.0,,4.379781
C:\Users\hg\PycharmProjects\mox_calibration_transfer\data\raw\B2_GEa_F010_R2.txt,B2_GEa_F010_R2.txt,B2,,2.0,,4.38
C:\Users\hg\PycharmProjects\mox_calibration_transfer\data\raw\B2_GEa_F010_R3.txt,B2_GEa_F010_R3.txt,B2,,2.0,,4.38
C:\Users\hg\PycharmProjects\mox_calibration_transfer\data\raw\B2_GEa_F010_R4.txt,B2_GEa_F010_R4.txt,B2,,2.0,,4.378759
C:\Users\hg\PycharmProjects\mox_calibration_transfer\data\raw\B2_GEa_F020_R1.txt,B2_GEa_F020_R1.txt,B2,,2.0,,4.379562
C:\Users\hg\PycharmProjects\mox_calibration_transfer\data\raw\B2_GEa_F020_R2.txt,B2_GEa_F020_R2.txt,B2,,2.0,,4.377883
C:\Users\hg\PycharmProjects\mox_calibration_transfer\data\raw\B2_GEa_F020_R3.txt,B2_GEa_F020_R3.txt,B2,,2.0,,4.379854
C:\Users\hg\PycharmProjects\mox_calibration_transfer\data\raw\B2_GEa_F020_R4.txt,B2_GEa_F020_R4.txt,B2,,2.0,,4.379708
C:\Users\hg\PycharmProjects\mox_calibration_transfer\data\raw\B2_GEa_F030_R1.txt,B2_GEa_F030_R1.txt,B2,,2.0,,4.275099
C:\Users\hg\PycharmProjects\mox_calibration_transfer\data\raw\B2_GEa_F030_R2.txt,B2_GEa_F030_R2.txt,B2,,2.0,,4.379708
C:\Users\hg\PycharmProjects\mox_calibration_transfer\data\raw\B2_GEa_F030_R3.txt,B2_GEa_F030_R3.txt,B2,,2.0,,4.375036
C:\Users\hg\PycharmProjects\mox_calibration_transfer\data\raw\B2_GEa_F030_R4.txt,B2_GEa_F030_R4.txt,B2,,2.0,,4.379927
C:\Users\hg\PycharmProjects\mox_calibration_transfer\data\raw\B2_GEa_F040_R1.txt,B2_GEa_F040_R1.txt,B2,,2.0,,4.38
C:\Users\hg\PycharmProjects\mox_calibration_transfer\data\raw\B2_GEa_F040_R2.txt,B2_GEa_F040_R2.txt,B2,,2.0,,4.38
C:\Users\hg\PycharmProjects\mox_calibration_transfer\data\raw\B2_GEa_F040_R3.txt,B2_GEa_F040_R3.txt,B2,,2.0,,4.38
C:\Users\hg\PycharmProjects\mox_calibration_transfer\data\raw\B2_GEa_F040_R4.txt,B2_GEa_F040_R4.txt,B2,,2.0,,4.378759
C:\Users\hg\PycharmProjects\mox_calibration_transfer\data\raw\B2_GEa_F050_R1.txt,B2_GEa_F050_R1.txt,B2,,2.0,,4.377664
C:\Users\hg\PycharmProjects\mox_calibration_transfer\data\raw\B2_GEa_F050_R2.txt,B2_GEa_F050_R2.txt,B2,,2.0,,3.781327
C:\Users\hg\PycharmProjects\mox_calibration_transfer\data\raw\B2_GEa_F050_R3.txt,B2_GEa_F050_R3.txt,B2,,2.0,,4.378394
C:\Users\hg\PycharmProjects\mox_calibration_transfer\data\raw\B2_GEa_F050_R4.txt,B2_GEa_F050_R4.txt,B2,,2.0,,4.377299
C:\Users\hg\PycharmProjects\mox_calibration_transfer\data\raw\B2_GEa_F060_R1.txt,B2_GEa_F060_R1.txt,B2,,2.0,,4.38
C:\Users\hg\PycharmProjects\mox_calibration_transfer\data\raw\B2_GEa_F060_R2.txt,B2_GEa_F060_R2.txt,B2,,2.0,,4.38
C:\Users\hg\PycharmProjects\mox_calibration_transfer\data\raw\B2_GEa_F060_R3.txt,B2_GEa_F060_R3.txt,B2,,2.0,,4.38
C:\Users\hg\PycharmProjects\mox_calibration_transfer\data\raw\B2_GEa_F060_R4.txt,B2_GEa_F060_R4.txt,B2,,2.0,,4.378029
C:\Users\hg\PycharmProjects\mox_calibration_transfer\data\raw\B2_GEa_F070_R1.txt,B2_GEa_F070_R1.txt,B2,,2.0,,4.38
C:\Users\hg\PycharmProjects\mox_calibration_transfer\data\raw\B2_GEa_F070_R2.txt,B2_GEa_F070_R2.txt,B2,,2.0,,4.379708
C:\Users\hg\PycharmProjects\mox_calibration_transfer\data\raw\B2_GEa_F070_R3.txt,B2_GEa_F070_R3.txt,B2,,2.0,,4.38
C:\Users\hg\PycharmProjects\mox_calibration_transfer\data\raw\B2_GEa_F070_R4.txt,B2_GEa_F070_R4.txt,B2,,2.0,,4.379854
C:\Users\hg\PycharmProjects\mox_calibration_transfer\data\raw\B2_GEa_F080_R1.txt,B2_GEa_F080_R1.txt,B2,,2.0,,4.38
C:\Users\hg\PycharmProjects\mox_calibration_transfer\data\raw\B2_GEa_F080_R2.txt,B2_GEa_F080_R2.txt,B2,,2.0,,4.38
C:\Users\hg\PycharmProjects\mox_calibration_transfer\data\raw\B2_GEa_F080_R3.txt,B2_GEa_F080_R3.txt,B2,,2.0,,4.379927
C:\Users\hg\PycharmProjects\mox_calibration_transfer\data\raw\B2_GEa_F080_R4.txt,B2_GEa_F080_R4.txt,B2,,2.0,,4.38
C:\Users\hg\PycharmProjects\mox_calibration_transfer\data\raw\B2_GEa_F090_R1.txt,B2_GEa_F090_R1.txt,B2,,2.0,,4.37854
C:\Users\hg\PycharmProjects\mox_calibration_transfer\data\raw\B2_GEa_F090_R2.txt,B2_GEa_F090_R2.txt,B2,,2.0,,4.378686
C:\Users\hg\PycharmProjects\mox_calibration_transfer\data\raw\B2_GEa_F090_R3.txt,B2_GEa_F090_R3.txt,B2,,2.0,,4.3654
C:\Users\hg\PycharmProjects\mox_calibration_transfer\data\raw\B2_GEa_F090_R4.txt,B2_GEa_F090_R4.txt,B2,,2.0,,4.379927
C:\Users\hg\PycharmProjects\mox_calibration_transfer\data\raw\B2_GEa_F100_R1.txt,B2_GEa_F100_R1.txt,B2,,2.0,,4.38
C:\Users\hg\PycharmProjects\mox_calibration_transfer\data\raw\B2_GEa_F100_R2.txt,B2_GEa_F100_R2.txt,B2,,2.0,,4.38
C:\Users\hg\PycharmProjects\mox_calibration_transfer\data\raw\B2_GEa_F100_R3.txt,B2_GEa_F100_R3.txt,B2,,2.0,,4.38
C:\Users\hg\PycharmProjects\mox_calibration_transfer\data\raw\B2_GEa_F100_R4.txt,B2_GEa_F100_R4.txt,B2,,2.0,,4.378759
C:\Users\hg\PycharmProjects\mox_calibration_transfer\data\raw\B2_GEy_F010_R1.txt,B2_GEy_F010_R1.txt,B2,,2.0,,4.335251
C:\Users\hg\PycharmProjects\mox_calibration_transfer\data\raw\B2_GEy_F010_R2.txt,B2_GEy_F010_R2.txt,B2,,2.0,,4.379927
C:\Users\hg\PycharmProjects\mox_calibration_transfer\data\raw\B2_GEy_F010_R3.txt,B2_GEy_F010_R3.txt,B2,,2.0,,4.379635
C:\Users\hg\PycharmProjects\mox_calibration_transfer\data\raw\B2_GEy_F010_R4.txt,B2_GEy_F010_R4.txt,B2,,2.0,,4.379927
C:\Users\hg\PycharmProjects\mox_calibration_transfer\data\raw\B2_GEy_F020_R1.txt,B2_GEy_F020_R1.txt,B2,,2.0,,4.379781
C:\Users\hg\PycharmProjects\mox_calibration_transfer\data\raw\B2_GEy_F020_R2.txt,B2_GEy_F020_R2.txt,B2,,2.0,,4.378832
C:\Users\hg\PycharmProjects\mox_calibration_transfer\data\raw\B2_GEy_F020_R3.txt,B2_GEy_F020_R3.txt,B2,,2.0,,4.379927
C:\Users\hg\PycharmProjects\mox_calibration_transfer\data\raw\B2_GEy_F020_R4.txt,B2_GEy_F020_R4.txt,B2,,2.0,,4.379562
C:\Users\hg\PycharmProjects\mox_calibration_transfer\data\raw\B2_GEy_F030_R1.txt,B2_GEy_F030_R1.txt,B2,,2.0,,4.379927
C:\Users\hg\PycharmProjects\mox_calibration_transfer\data\raw\B2_GEy_F030_R2.txt,B2_GEy_F030_R2.txt,B2,,2.0,,4.371605
C:\Users\hg\PycharmProjects\mox_calibration_transfer\data\raw\B2_GEy_F030_R3.txt,B2_GEy_F030_R3.txt,B2,,2.0,,4.377153
C:\Users\hg\PycharmProjects\mox_calibration_transfer\data\raw\B2_GEy_F030_R4.txt,B2_GEy_F030_R4.txt,B2,,2.0,,4.379927
C:\Users\hg\PycharmProjects\mox_calibration_transfer\data\raw\B2_GEy_F040_R1.txt,B2_GEy_F040_R1.txt,B2,,2.0,,4.38
C:\Users\hg\PycharmProjects\mox_calibration_transfer\data\raw\B2_GEy_F040_R2.txt,B2_GEy_F040_R2.txt,B2,,2.0,,4.379708
C:\Users\hg\PycharmProjects\mox_calibration_transfer\data\raw\B2_GEy_F040_R3.txt,B2_GEy_F040_R3.txt,B2,,2.0,,4.369999
C:\Users\hg\PycharmProjects\mox_calibration_transfer\data\raw\B2_GEy_F040_R4.txt,B2_GEy_F040_R4.txt,B2,,2.0,,3.999524
C:\Users\hg\PycharmProjects\mox_calibration_transfer\data\raw\B2_GEy_F050_R1.txt,B2_GEy_F050_R1.txt,B2,,2.0,,4.373065
C:\Users\hg\PycharmProjects\mox_calibration_transfer\data\raw\B2_GEy_F050_R2.txt,B2_GEy_F050_R2.txt,B2,,2.0,,4.379927
C:\Users\hg\PycharmProjects\mox_calibration_transfer\data\raw\B2_GEy_F050_R3.txt,B2_GEy_F050_R3.txt,B2,,2.0,,4.378832
C:\Users\hg\PycharmProjects\mox_calibration_transfer\data\raw\B2_GEy_F050_R4.txt,B2_GEy_F050_R4.txt,B2,,2.0,,4.37854
C:\Users\hg\PycharmProjects\mox_calibration_transfer\data\raw\B2_GEy_F060_R1.txt,B2_GEy_F060_R1.txt,B2,,2.0,,4.38
C:\Users\hg\PycharmProjects\mox_calibration_transfer\data\raw\B2_GEy_F060_R2.txt,B2_GEy_F060_R2.txt,B2,,2.0,,4.379708
C:\Users\hg\PycharmProjects\mox_calibration_transfer\data\raw\B2_GEy_F060_R3.txt,B2_GEy_F060_R3.txt,B2,,2.0,,4.37197
C:\Users\hg\PycharmProjects\mox_calibration_transfer\data\raw\B2_GEy_F060_R4.txt,B2_GEy_F060_R4.txt,B2,,2.0,,4.353647
C:\Users\hg\PycharmProjects\mox_calibration_transfer\data\raw\B2_GEy_F070_R1.txt,B2_GEy_F070_R1.txt,B2,,2.0,,4.38
C:\Users\hg\PycharmProjects\mox_calibration_transfer\data\raw\B2_GEy_F070_R2.txt,B2_GEy_F070_R2.txt,B2,,2.0,,4.009087
C:\Users\hg\PycharmProjects\mox_calibration_transfer\data\raw\B2_GEy_F070_R3.txt,B2_GEy_F070_R3.txt,B2,,2.0,,4.369123
C:\Users\hg\PycharmProjects\mox_calibration_transfer\data\raw\B2_GEy_F070_R4.txt,B2_GEy_F070_R4.txt,B2,,2.0,,4.372846
C:\Users\hg\PycharmProjects\mox_calibration_transfer\data\raw\B2_GEy_F080_R1.txt,B2_GEy_F080_R1.txt,B2,,2.0,,4.379562
C:\Users\hg\PycharmProjects\mox_calibration_transfer\data\raw\B2_GEy_F080_R2.txt,B2_GEy_F080_R2.txt,B2,,2.0,,4.378467
C:\Users\hg\PycharmProjects\mox_calibration_transfer\data\raw\B2_GEy_F080_R3.txt,B2_GEy_F080_R3.txt,B2,,2.0,,4.349778
C:\Users\hg\PycharmProjects\mox_calibration_transfer\data\raw\B2_GEy_F080_R4.txt,B2_GEy_F080_R4.txt,B2,,2.0,,4.38
C:\Users\hg\PycharmProjects\mox_calibration_transfer\data\raw\B2_GEy_F090_R1.txt,B2_GEy_F090_R1.txt,B2,,2.0,,4.38
C:\Users\hg\PycharmProjects\mox_calibration_transfer\data\raw\B2_GEy_F090_R2.txt,B2_GEy_F090_R2.txt,B2,,2.0,,4.377372
C:\Users\hg\PycharmProjects\mox_calibration_transfer\data\raw\B2_GEy_F090_R3.txt,B2_GEy_F090_R3.txt,B2,,2.0,,4.379562
C:\Users\hg\PycharmProjects\mox_calibration_transfer\data\raw\B2_GEy_F090_R4.txt,B2_GEy_F090_R4.txt,B2,,2.0,,4.38
C:\Users\hg\PycharmProjects\mox_calibration_transfer\data\raw\B2_GEy_F100_R1.txt,B2_GEy_F100_R1.txt,B2,,2.0,,4.38
C:\Users\hg\PycharmProjects\mox_calibration_transfer\data\raw\B2_GEy_F100_R2.txt,B2_GEy_F100_R2.txt,B2,,2.0,,4.194215
C:\Users\hg\PycharmProjects\mox_calibration_transfer\data\raw\B2_GEy_F100_R3.txt,B2_GEy_F100_R3.txt,B2,,2.0,,4.373649
C:\Users\hg\PycharmProjects\mox_calibration_transfer\data\raw\B2_GEy_F100_R4.txt,B2_GEy_F100_R4.txt,B2,,2.0,,4.38
C:\Users\hg\PycharmProjects\mox_calibration_transfer\data\raw\B2_GMe_F010_R1.txt,B2_GMe_F010_R1.txt,B2,,2.0,,4.378832
C:\Users\hg\PycharmProjects\mox_calibration_transfer\data\raw\B2_GMe_F010_R2.txt,B2_GMe_F010_R2.txt,B2,,2.0,,4.371532
C:\Users\hg\PycharmProjects\mox_calibration_transfer\data\raw\B2_GMe_F010_R3.txt,B2_GMe_F010_R3.txt,B2,,2.0,,4.379854
C:\Users\hg\PycharmProjects\mox_calibration_transfer\data\raw\B2_GMe_F010_R4.txt,B2_GMe_F010_R4.txt,B2,,2.0,,4.367371
C:\Users\hg\PycharmProjects\mox_calibration_transfer\data\raw\B2_GMe_F020_R1.txt,B2_GMe_F020_R1.txt,B2,,2.0,,4.378321
C:\Users\hg\PycharmProjects\mox_calibration_transfer\data\raw\B2_GMe_F020_R2.txt,B2_GMe_F020_R2.txt,B2,,2.0,,4.375766
C:\Users\hg\PycharmProjects\mox_calibration_transfer\data\raw\B2_GMe_F020_R3.txt,B2_GMe_F020_R3.txt,B2,,2.0,,4.378832
C:\Users\hg\PycharmProjects\mox_calibration_transfer\data\raw\B2_GMe_F020_R4.txt,B2_GMe_F020_R4.txt,B2,,2.0,,4.38
C:\Users\hg\PycharmProjects\mox_calibration_transfer\data\raw\B2_GMe_F030_R1.txt,B2_GMe_F030_R1.txt,B2,,2.0,,4.378686
C:\Users\hg\PycharmProjects\mox_calibration_transfer\data\raw\B2_GMe_F030_R2.txt,B2_GMe_F030_R2.txt,B2,,2.0,,4.377518
C:\Users\hg\PycharmProjects\mox_calibration_transfer\data\raw\B2_GMe_F030_R3.txt,B2_GMe_F030_R3.txt,B2,,2.0,,4.38
C:\Users\hg\PycharmProjects\mox_calibration_transfer\data\raw\B2_GMe_F030_R4.txt,B2_GMe_F030_R4.txt,B2,,2.0,,4.38
C:\Users\hg\PycharmProjects\mox_calibration_transfer\data\raw\B2_GMe_F040_R1.txt,B2_GMe_F040_R1.txt,B2,,2.0,,4.378248
C:\Users\hg\PycharmProjects\mox_calibration_transfer\data\raw\B2_GMe_F040_R2.txt,B2_GMe_F040_R2.txt,B2,,2.0,,4.376496
C:\Users\hg\PycharmProjects\mox_calibration_transfer\data\raw\B2_GMe_F040_R3.txt,B2_GMe_F040_R3.txt,B2,,2.0,,4.379124
C:\Users\hg\PycharmProjects\mox_calibration_transfer\data\raw\B2_GMe_F040_R4.txt,B2_GMe_F040_R4.txt,B2,,2.0,,4.38
C:\Users\hg\PycharmProjects\mox_calibration_transfer\data\raw\B2_GMe_F050_R1.txt,B2_GMe_F050_R1.txt,B2,,2.0,,4.378905
C:\Users\hg\PycharmProjects\mox_calibration_transfer\data\raw\B2_GMe_F050_R2.txt,B2_GMe_F050_R2.txt,B2,,2.0,,3.5113
C:\Users\hg\PycharmProjects\mox_calibration_transfer\data\raw\B2_GMe_F050_R3.txt,B2_GMe_F050_R3.txt,B2,,2.0,,4.37343
C:\Users\hg\PycharmProjects\mox_calibration_transfer\data\raw\B2_GMe_F050_R4.txt,B2_GMe_F050_R4.txt,B2,,2.0,,4.374087
C:\Users\hg\PycharmProjects\mox_calibration_transfer\data\raw\B2_GMe_F060_R1.txt,B2_GMe_F060_R1.txt,B2,,2.0,,4.38
C:\Users\hg\PycharmProjects\mox_calibration_transfer\data\raw\B2_GMe_F060_R2.txt,B2_GMe_F060_R2.txt,B2,,2.0,,4.285611
C:\Users\hg\PycharmProjects\mox_calibration_transfer\data\raw\B2_GMe_F060_R3.txt,B2_GMe_F060_R3.txt,B2,,2.0,,4.375766
C:\Users\hg\PycharmProjects\mox_calibration_transfer\data\raw\B2_GMe_F060_R4.txt,B2_GMe_F060_R4.txt,B2,,2.0,,4.379708
C:\Users\hg\PycharmProjects\mox_calibration_transfer\data\raw\B2_GMe_F070_R1.txt,B2_GMe_F070_R1.txt,B2,,2.0,,4.378686
C:\Users\hg\PycharmProjects\mox_calibration_transfer\data\raw\B2_GMe_F070_R2.txt,B2_GMe_F070_R2.txt,B2,,2.0,,4.38
C:\Users\hg\PycharmProjects\mox_calibration_transfer\data\raw\B2_GMe_F070_R3.txt,B2_GMe_F070_R3.txt,B2,,2.0,,4.37343
C:\Users\hg\PycharmProjects\mox_calibration_transfer\data\raw\B2_GMe_F070_R4.txt,B2_GMe_F070_R4.txt,B2,,2.0,,4.38
C:\Users\hg\PycharmProjects\mox_calibration_transfer\data\raw\B2_GMe_F080_R1.txt,B2_GMe_F080_R1.txt,B2,,2.0,,4.38
C:\Users\hg\PycharmProjects\mox_calibration_transfer\data\raw\B2_GMe_F080_R2.txt,B2_GMe_F080_R2.txt,B2,,2.0,,4.367225
C:\Users\hg\PycharmProjects\mox_calibration_transfer\data\raw\B2_GMe_F080_R3.txt,B2_GMe_F080_R3.txt,B2,,2.0,,4.38
C:\Users\hg\PycharmProjects\mox_calibration_transfer\data\raw\B2_GMe_F080_R4.txt,B2_GMe_F080_R4.txt,B2,,2.0,,4.367809
C:\Users\hg\PycharmProjects\mox_calibration_transfer\data\raw\B2_GMe_F090_R1.txt,B2_GMe_F090_R1.txt,B2,,2.0,,4.38
C:\Users\hg\PycharmProjects\mox_calibration_transfer\data\raw\B2_GMe_F090_R2.txt,B2_GMe_F090_R2.txt,B2,,2.0,,4.379927
C:\Users\hg\PycharmProjects\mox_calibration_transfer\data\raw\B2_GMe_F090_R3.txt,B2_GMe_F090_R3.txt,B2,,2.0,,4.375693
C:\Users\hg\PycharmProjects\mox_calibration_transfer\data\raw\B2_GMe_F090_R4.txt,B2_GMe_F090_R4.txt,B2,,2.0,,4.167278
C:\Users\hg\PycharmProjects\mox_calibration_transfer\data\raw\B2_GMe_F100_R1.txt,B2_GMe_F100_R1.txt,B2,,2.0,,4.375109
C:\Users\hg\PycharmProjects\mox_calibration_transfer\data\raw\B2_GMe_F100_R2.txt,B2_GMe_F100_R2.txt,B2,,2.0,,4.377664
C:\Users\hg\PycharmProjects\mox_calibration_transfer\data\raw\B2_GMe_F100_R3.txt,B2_GMe_F100_R3.txt,B2,,2.0,,4.379635
C:\Users\hg\PycharmProjects\mox_calibration_transfer\data\raw\B2_GMe_F100_R4.txt,B2_GMe_F100_R4.txt,B2,,2.0,,4.363429
C:\Users\hg\PycharmProjects\mox_calibration_transfer\data\raw\B3_GCO_F010_R1.txt,B3_GCO_F010_R1.txt,B3,carbon_monoxide,3.0,,4.379708
C:\Users\hg\PycharmProjects\mox_calibration_transfer\data\raw\B3_GCO_F010_R2.txt,B3_GCO_F010_R2.txt,B3,carbon_monoxide,3.0,,4.10041
C:\Users\hg\PycharmProjects\mox_calibration_transfer\data\raw\B3_GCO_F010_R3.txt,B3_GCO_F010_R3.txt,B3,carbon_monoxide,3.0,,4.378029
C:\Users\hg\PycharmProjects\mox_calibration_transfer\data\raw\B3_GCO_F010_R4.txt,B3_GCO_F010_R4.txt,B3,carbon_monoxide,3.0,,4.375182
C:\Users\hg\PycharmProjects\mox_calibration_transfer\data\raw\B3_GCO_F020_R1.txt,B3_GCO_F020_R1.txt,B3,carbon_monoxide,3.0,,4.378175
C:\Users\hg\PycharmProjects\mox_calibration_transfer\data\raw\B3_GCO_F020_R2.txt,B3_GCO_F020_R2.txt,B3,carbon_monoxide,3.0,,4.241081
C:\Users\hg\PycharmProjects\mox_calibration_transfer\data\raw\B3_GCO_F020_R3.txt,B3_GCO_F020_R3.txt,B3,carbon_monoxide,3.0,,3.981931
C:\Users\hg\PycharmProjects\mox_calibration_transfer\data\raw\B3_GCO_F020_R4.txt,B3_GCO_F020_R4.txt,B3,carbon_monoxide,3.0,,4.363575
C:\Users\hg\PycharmProjects\mox_calibration_transfer\data\raw\B3_GCO_F030_R1.txt,B3_GCO_F030_R1.txt,B3,carbon_monoxide,3.0,,4.379927
C:\Users\hg\PycharmProjects\mox_calibration_transfer\data\raw\B3_GCO_F030_R2.txt,B3_GCO_F030_R2.txt,B3,carbon_monoxide,3.0,,4.282399
C:\Users\hg\PycharmProjects\mox_calibration_transfer\data\raw\B3_GCO_F030_R3.txt,B3_GCO_F030_R3.txt,B3,carbon_monoxide,3.0,,4.38
C:\Users\hg\PycharmProjects\mox_calibration_transfer\data\raw\B3_GCO_F030_R4.txt,B3_GCO_F030_R4.txt,B3,carbon_monoxide,3.0,,4.375985
C:\Users\hg\PycharmProjects\mox_calibration_transfer\data\raw\B3_GCO_F040_R1.txt,B3_GCO_F040_R1.txt,B3,carbon_monoxide,3.0,,4.318388
C:\Users\hg\PycharmProjects\mox_calibration_transfer\data\raw\B3_GCO_F040_R2.txt,B3_GCO_F040_R2.txt,B3,carbon_monoxide,3.0,,4.286195
C:\Users\hg\PycharmProjects\mox_calibration_transfer\data\raw\B3_GCO_F040_R3.txt,B3_GCO_F040_R3.txt,B3,carbon_monoxide,3.0,,4.371313
C:\Users\hg\PycharmProjects\mox_calibration_transfer\data\raw\B3_GCO_F040_R4.txt,B3_GCO_F040_R4.txt,B3,carbon_monoxide,3.0,,4.37562
C:\Users\hg\PycharmProjects\mox_calibration_transfer\data\raw\B3_GCO_F050_R1.txt,B3_GCO_F050_R1.txt,B3,carbon_monoxide,3.0,,4.356494
C:\Users\hg\PycharmProjects\mox_calibration_transfer\data\raw\B3_GCO_F050_R2.txt,B3_GCO_F050_R2.txt,B3,carbon_monoxide,3.0,,4.279625
C:\Users\hg\PycharmProjects\mox_calibration_transfer\data\raw\B3_GCO_F050_R3.txt,B3_GCO_F050_R3.txt,B3,carbon_monoxide,3.0,,4.38
C:\Users\hg\PycharmProjects\mox_calibration_transfer\data\raw\B3_GCO_F050_R4.txt,B3_GCO_F050_R4.txt,B3,carbon_monoxide,3.0,,4.374744
C:\Users\hg\PycharmProjects\mox_calibration_transfer\data\raw\B3_GCO_F060_R1.txt,B3_GCO_F060_R1.txt,B3,carbon_monoxide,3.0,,4.376642
C:\Users\hg\PycharmProjects\mox_calibration_transfer\data\raw\B3_GCO_F060_R2.txt,B3_GCO_F060_R2.txt,B3,carbon_monoxide,3.0,,4.236993
C:\Users\hg\PycharmProjects\mox_calibration_transfer\data\raw\B3_GCO_F060_R3.txt,B3_GCO_F060_R3.txt,B3,carbon_monoxide,3.0,,4.38
C:\Users\hg\PycharmProjects\mox_calibration_transfer\data\raw\B3_GCO_F060_R4.txt,B3_GCO_F060_R4.txt,B3,carbon_monoxide,3.0,,3.829507
C:\Users\hg\PycharmProjects\mox_calibration_transfer\data\raw\B3_GCO_F070_R1.txt,B3_GCO_F070_R1.txt,B3,carbon_monoxide,3.0,,4.366422
C:\Users\hg\PycharmProjects\mox_calibration_transfer\data\raw\B3_GCO_F070_R2.txt,B3_GCO_F070_R2.txt,B3,carbon_monoxide,3.0,,4.286852
C:\Users\hg\PycharmProjects\mox_calibration_transfer\data\raw\B3_GCO_F070_R3.txt,B3_GCO_F070_R3.txt,B3,carbon_monoxide,3.0,,4.38
C:\Users\hg\PycharmProjects\mox_calibration_transfer\data\raw\B3_GCO_F070_R4.txt,B3_GCO_F070_R4.txt,B3,carbon_monoxide,3.0,,4.374817
C:\Users\hg\PycharmProjects\mox_calibration_transfer\data\raw\B3_GCO_F080_R1.txt,B3_GCO_F080_R1.txt,B3,carbon_monoxide,3.0,,4.379927
C:\Users\hg\PycharmProjects\mox_calibration_transfer\data\raw\B3_GCO_F080_R2.txt,B3_GCO_F080_R2.txt,B3,carbon_monoxide,3.0,,4.260791
C:\Users\hg\PycharmProjects\mox_calibration_transfer\data\raw\B3_GCO_F080_R3.txt,B3_GCO_F080_R3.txt,B3,carbon_monoxide,3.0,,4.379927
C:\Users\hg\PycharmProjects\mox_calibration_transfer\data\raw\B3_GCO_F080_R4.txt,B3_GCO_F080_R4.txt,B3,carbon_monoxide,3.0,,4.365765
C:\Users\hg\PycharmProjects\mox_calibration_transfer\data\raw\B3_GCO_F090_R1.txt,B3_GCO_F090_R1.txt,B3,carbon_monoxide,3.0,,4.37708
C:\Users\hg\PycharmProjects\mox_calibration_transfer\data\raw\B3_GCO_F090_R2.txt,B3_GCO_F090_R2.txt,B3,carbon_monoxide,3.0,,4.285392
C:\Users\hg\PycharmProjects\mox_calibration_transfer\data\raw\B3_GCO_F090_R3.txt,B3_GCO_F090_R3.txt,B3,carbon_monoxide,3.0,,4.38
C:\Users\hg\PycharmProjects\mox_calibration_transfer\data\raw\B3_GCO_F090_R4.txt,B3_GCO_F090_R4.txt,B3,carbon_monoxide,3.0,,4.374963
C:\Users\hg\PycharmProjects\mox_calibration_transfer\data\raw\B3_GCO_F100_R1.txt,B3_GCO_F100_R1.txt,B3,carbon_monoxide,3.0,,4.379635
C:\Users\hg\PycharmProjects\mox_calibration_transfer\data\raw\B3_GCO_F100_R2.txt,B3_GCO_F100_R2.txt,B3,carbon_monoxide,3.0,,4.237796
C:\Users\hg\PycharmProjects\mox_calibration_transfer\data\raw\B3_GCO_F100_R3.txt,B3_GCO_F100_R3.txt,B3,carbon_monoxide,3.0,,4.377372
C:\Users\hg\PycharmProjects\mox_calibration_transfer\data\raw\B3_GCO_F100_R4.txt,B3_GCO_F100_R4.txt,B3,carbon_monoxide,3.0,,4.372919
C:\Users\hg\PycharmProjects\mox_calibration_transfer\data\raw\B3_GEa_F010_R1.txt,B3_GEa_F010_R1.txt,B3,,3.0,,4.377518
C:\Users\hg\PycharmProjects\mox_calibration_transfer\data\raw\B3_GEa_F010_R2.txt,B3_GEa_F010_R2.txt,B3,,3.0,,4.38
C:\Users\hg\PycharmProjects\mox_calibration_transfer\data\raw\B3_GEa_F010_R3.txt,B3_GEa_F010_R3.txt,B3,,3.0,,4.378467
C:\Users\hg\PycharmProjects\mox_calibration_transfer\data\raw\B3_GEa_F010_R4.txt,B3_GEa_F010_R4.txt,B3,,3.0,,4.367663
C:\Users\hg\PycharmProjects\mox_calibration_transfer\data\raw\B3_GEa_F020_R1.txt,B3_GEa_F020_R1.txt,B3,,3.0,,4.377372
C:\Users\hg\PycharmProjects\mox_calibration_transfer\data\raw\B3_GEa_F020_R2.txt,B3_GEa_F020_R2.txt,B3,,3.0,,4.378613
C:\Users\hg\PycharmProjects\mox_calibration_transfer\data\raw\B3_GEa_F020_R3.txt,B3_GEa_F020_R3.txt,B3,,3.0,,4.38
C:\Users\hg\PycharmProjects\mox_calibration_transfer\data\raw\B3_GEa_F020_R4.txt,B3_GEa_F020_R4.txt,B3,,3.0,,4.379562
C:\Users\hg\PycharmProjects\mox_calibration_transfer\data\raw\B3_GEa_F030_R1.txt,B3_GEa_F030_R1.txt,B3,,3.0,,4.379927
C:\Users\hg\PycharmProjects\mox_calibration_transfer\data\raw\B3_GEa_F030_R2.txt,B3_GEa_F030_R2.txt,B3,,3.0,,4.378978
C:\Users\hg\PycharmProjects\mox_calibration_transfer\data\raw\B3_GEa_F030_R3.txt,B3_GEa_F030_R3.txt,B3,,3.0,,4.379927
C:\Users\hg\PycharmProjects\mox_calibration_transfer\data\raw\B3_GEa_F030_R4.txt,B3_GEa_F030_R4.txt,B3,,3.0,,4.379635
C:\Users\hg\PycharmProjects\mox_calibration_transfer\data\raw\B3_GEa_F040_R1.txt,B3_GEa_F040_R1.txt,B3,,3.0,,4.379927
C:\Users\hg\PycharmProjects\mox_calibration_transfer\data\raw\B3_GEa_F040_R2.txt,B3_GEa_F040_R2.txt,B3,,3.0,,4.38
C:\Users\hg\PycharmProjects\mox_calibration_transfer\data\raw\B3_GEa_F040_R3.txt,B3_GEa_F040_R3.txt,B3,,3.0,,4.379343
C:\Users\hg\PycharmProjects\mox_calibration_transfer\data\raw\B3_GEa_F040_R4.txt,B3_GEa_F040_R4.txt,B3,,3.0,,4.375109
C:\Users\hg\PycharmProjects\mox_calibration_transfer\data\raw\B3_GEa_F050_R1.txt,B3_GEa_F050_R1.txt,B3,,3.0,,4.379489
C:\Users\hg\PycharmProjects\mox_calibration_transfer\data\raw\B3_GEa_F050_R2.txt,B3_GEa_F050_R2.txt,B3,,3.0,,4.375912
C:\Users\hg\PycharmProjects\mox_calibration_transfer\data\raw\B3_GEa_F050_R3.txt,B3_GEa_F050_R3.txt,B3,,3.0,,3.902215
C:\Users\hg\PycharmProjects\mox_calibration_transfer\data\raw\B3_GEa_F050_R4.txt,B3_GEa_F050_R4.txt,B3,,3.0,,4.375839
C:\Users\hg\PycharmProjects\mox_calibration_transfer\data\raw\B3_GEa_F060_R1.txt,B3_GEa_F060_R1.txt,B3,,3.0,,4.38
C:\Users\hg\PycharmProjects\mox_calibration_transfer\data\raw\B3_GEa_F060_R2.txt,B3_GEa_F060_R2.txt,B3,,3.0,,4.370875
C:\Users\hg\PycharmProjects\mox_calibration_transfer\data\raw\B3_GEa_F060_R3.txt,B3_GEa_F060_R3.txt,B3,,3.0,,4.364743
C:\Users\hg\PycharmProjects\mox_calibration_transfer\data\raw\B3_GEa_F060_R4.txt,B3_GEa_F060_R4.txt,B3,,3.0,,3.636495
C:\Users\hg\PycharmProjects\mox_calibration_transfer\data\raw\B3_GEa_F070_R1.txt,B3_GEa_F070_R1.txt,B3,,3.0,,4.38
C:\Users\hg\PycharmProjects\mox_calibration_transfer\data\raw\B3_GEa_F070_R2.txt,B3_GEa_F070_R2.txt,B3,,3.0,,4.379927
C:\Users\hg\PycharmProjects\mox_calibration_transfer\data\raw\B3_GEa_F070_R3.txt,B3_GEa_F070_R3.txt,B3,,3.0,,4.377518
C:\Users\hg\PycharmProjects\mox_calibration_transfer\data\raw\B3_GEa_F070_R4.txt,B3_GEa_F070_R4.txt,B3,,3.0,,4.38
C:\Users\hg\PycharmProjects\mox_calibration_transfer\data\raw\B3_GEa_F080_R1.txt,B3_GEa_F080_R1.txt,B3,,3.0,,4.38
C:\Users\hg\PycharmProjects\mox_calibration_transfer\data\raw\B3_GEa_F080_R2.txt,B3_GEa_F080_R2.txt,B3,,3.0,,4.38
C:\Users\hg\PycharmProjects\mox_calibration_transfer\data\raw\B3_GEa_F080_R3.txt,B3_GEa_F080_R3.txt,B3,,3.0,,4.366057
C:\Users\hg\PycharmProjects\mox_calibration_transfer\data\raw\B3_GEa_F080_R4.txt,B3_GEa_F080_R4.txt,B3,,3.0,,4.377591
C:\Users\hg\PycharmProjects\mox_calibration_transfer\data\raw\B3_GEa_F090_R1.txt,B3_GEa_F090_R1.txt,B3,,3.0,,4.377883
C:\Users\hg\PycharmProjects\mox_calibration_transfer\data\raw\B3_GEa_F090_R2.txt,B3_GEa_F090_R2.txt,B3,,3.0,,4.374598
C:\Users\hg\PycharmProjects\mox_calibration_transfer\data\raw\B3_GEa_F090_R3.txt,B3_GEa_F090_R3.txt,B3,,3.0,,4.37562
C:\Users\hg\PycharmProjects\mox_calibration_transfer\data\raw\B3_GEa_F090_R4.txt,B3_GEa_F090_R4.txt,B3,,3.0,,4.38
C:\Users\hg\PycharmProjects\mox_calibration_transfer\data\raw\B3_GEa_F100_R1.txt,B3_GEa_F100_R1.txt,B3,,3.0,,4.37708
C:\Users\hg\PycharmProjects\mox_calibration_transfer\data\raw\B3_GEa_F100_R2.txt,B3_GEa_F100_R2.txt,B3,,3.0,,4.38
C:\Users\hg\PycharmProjects\mox_calibration_transfer\data\raw\B3_GEa_F100_R3.txt,B3_GEa_F100_R3.txt,B3,,3.0,,4.366933
C:\Users\hg\PycharmProjects\mox_calibration_transfer\data\raw\B3_GEa_F100_R4.txt,B3_GEa_F100_R4.txt,B3,,3.0,,4.362699
C:\Users\hg\PycharmProjects\mox_calibration_transfer\data\raw\B3_GEy_F010_R1.txt,B3_GEy_F010_R1.txt,B3,,3.0,,4.379051
C:\Users\hg\PycharmProjects\mox_calibration_transfer\data\raw\B3_GEy_F010_R2.txt,B3_GEy_F010_R2.txt,B3,,3.0,,4.379416
C:\Users\hg\PycharmProjects\mox_calibration_transfer\data\raw\B3_GEy_F010_R3.txt,B3_GEy_F010_R3.txt,B3,,3.0,,4.367955
C:\Users\hg\PycharmProjects\mox_calibration_transfer\data\raw\B3_GEy_F010_R4.txt,B3_GEy_F010_R4.txt,B3,,3.0,,4.220276
C:\Users\hg\PycharmProjects\mox_calibration_transfer\data\raw\B3_GEy_F020_R1.txt,B3_GEy_F020_R1.txt,B3,,3.0,,4.38
C:\Users\hg\PycharmProjects\mox_calibration_transfer\data\raw\B3_GEy_F020_R2.txt,B3_GEy_F020_R2.txt,B3,,3.0,,4.38
C:\Users\hg\PycharmProjects\mox_calibration_transfer\data\raw\B3_GEy_F020_R3.txt,B3_GEy_F020_R3.txt,B3,,3.0,,4.33036
C:\Users\hg\PycharmProjects\mox_calibration_transfer\data\raw\B3_GEy_F020_R4.txt,B3_GEy_F020_R4.txt,B3,,3.0,,4.250425
C:\Users\hg\PycharmProjects\mox_calibration_transfer\data\raw\B3_GEy_F030_R1.txt,B3_GEy_F030_R1.txt,B3,,3.0,,4.370218
C:\Users\hg\PycharmProjects\mox_calibration_transfer\data\raw\B3_GEy_F030_R2.txt,B3_GEy_F030_R2.txt,B3,,3.0,,4.376569
C:\Users\hg\PycharmProjects\mox_calibration_transfer\data\raw\B3_GEy_F030_R3.txt,B3_GEy_F030_R3.txt,B3,,3.0,,4.372116
C:\Users\hg\PycharmProjects\mox_calibration_transfer\data\raw\B3_GEy_F030_R4.txt,B3_GEy_F030_R4.txt,B3,,3.0,,4.219473
C:\Users\hg\PycharmProjects\mox_calibration_transfer\data\raw\B3_GEy_F040_R1.txt,B3_GEy_F040_R1.txt,B3,,3.0,,4.359779
C:\Users\hg\PycharmProjects\mox_calibration_transfer\data\raw\B3_GEy_F040_R2.txt,B3_GEy_F040_R2.txt,B3,,3.0,,4.376131
C:\Users\hg\PycharmProjects\mox_calibration_transfer\data\raw\B3_GEy_F040_R3.txt,B3_GEy_F040_R3.txt,B3,,3.0,,4.371386
C:\Users\hg\PycharmProjects\mox_calibration_transfer\data\raw\B3_GEy_F040_R4.txt,B3_GEy_F040_R4.txt,B3,,3.0,,4.215239
C:\Users\hg\PycharmProjects\mox_calibration_transfer\data\raw\B3_GEy_F050_R1.txt,B3_GEy_F050_R1.txt,B3,,3.0,,4.376423
C:\Users\hg\PycharmProjects\mox_calibration_transfer\data\raw\B3_GEy_F050_R2.txt,B3_GEy_F050_R2.txt,B3,,3.0,,4.379051
C:\Users\hg\PycharmProjects\mox_calibration_transfer\data\raw\B3_GEy_F050_R3.txt,B3_GEy_F050_R3.txt,B3,,3.0,,4.374817
C:\Users\hg\PycharmProjects\mox_calibration_transfer\data\raw\B3_GEy_F050_R4.txt,B3_GEy_F050_R4.txt,B3,,3.0,,4.232686
C:\Users\hg\PycharmProjects\mox_calibration_transfer\data\raw\B3_GEy_F060_R1.txt,B3_GEy_F060_R1.txt,B3,,3.0,,4.379781
C:\Users\hg\PycharmProjects\mox_calibration_transfer\data\raw\B3_GEy_F060_R2.txt,B3_GEy_F060_R2.txt,B3,,3.0,,4.374744
C:\Users\hg\PycharmProjects\mox_calibration_transfer\data\raw\B3_GEy_F060_R3.txt,B3_GEy_F060_R3.txt,B3,,3.0,,4.366568
C:\Users\hg\PycharmProjects\mox_calibration_transfer\data\raw\B3_GEy_F060_R4.txt,B3_GEy_F060_R4.txt,B3,,3.0,,4.222028
C:\Users\hg\PycharmProjects\mox_calibration_transfer\data\raw\B3_GEy_F070_R1.txt,B3_GEy_F070_R1.txt,B3,,3.0,,4.378175
C:\Users\hg\PycharmProjects\mox_calibration_transfer\data\raw\B3_GEy_F070_R2.txt,B3_GEy_F070_R2.txt,B3,,3.0,,4.366933
C:\Users\hg\PycharmProjects\mox_calibration_transfer\data\raw\B3_GEy_F070_R3.txt,B3_GEy_F070_R3.txt,B3,,3.0,,4.37416
C:\Users\hg\PycharmProjects\mox_calibration_transfer\data\raw\B3_GEy_F070_R4.txt,B3_GEy_F070_R4.txt,B3,,3.0,,4.264368
C:\Users\hg\PycharmProjects\mox_calibration_transfer\data\raw\B3_GEy_F080_R1.txt,B3_GEy_F080_R1.txt,B3,,3.0,,4.379927
C:\Users\hg\PycharmProjects\mox_calibration_transfer\data\raw\B3_GEy_F080_R2.txt,B3_GEy_F080_R2.txt,B3,,3.0,,4.377153
C:\Users\hg\PycharmProjects\mox_calibration_transfer\data\raw\B3_GEy_F080_R3.txt,B3_GEy_F080_R3.txt,B3,,3.0,,4.374817
C:\Users\hg\PycharmProjects\mox_calibration_transfer\data\raw\B3_GEy_F080_R4.txt,B3_GEy_F080_R4.txt,B3,,3.0,,4.221371
C:\Users\hg\PycharmProjects\mox_calibration_transfer\data\raw\B3_GEy_F090_R1.txt,B3_GEy_F090_R1.txt,B3,,3.0,,4.379927
C:\Users\hg\PycharmProjects\mox_calibration_transfer\data\raw\B3_GEy_F090_R2.txt,B3_GEy_F090_R2.txt,B3,,3.0,,4.38
C:\Users\hg\PycharmProjects\mox_calibration_transfer\data\raw\B3_GEy_F090_R3.txt,B3_GEy_F090_R3.txt,B3,,3.0,,4.369999
C:\Users\hg\PycharmProjects\mox_calibration_transfer\data\raw\B3_GEy_F090_R4.txt,B3_GEy_F090_R4.txt,B3,,3.0,,4.220641
C:\Users\hg\PycharmProjects\mox_calibration_transfer\data\raw\B3_GEy_F100_R1.txt,B3_GEy_F100_R1.txt,B3,,3.0,,4.365619
C:\Users\hg\PycharmProjects\mox_calibration_transfer\data\raw\B3_GEy_F100_R2.txt,B3_GEy_F100_R2.txt,B3,,3.0,,4.379854
C:\Users\hg\PycharmProjects\mox_calibration_transfer\data\raw\B3_GEy_F100_R3.txt,B3_GEy_F100_R3.txt,B3,,3.0,,4.367371
C:\Users\hg\PycharmProjects\mox_calibration_transfer\data\raw\B3_GEy_F100_R4.txt,B3_GEy_F100_R4.txt,B3,,3.0,,4.228379
C:\Users\hg\PycharmProjects\mox_calibration_transfer\data\raw\B3_GMe_F010_R1.txt,B3_GMe_F010_R1.txt,B3,,3.0,,4.374963
C:\Users\hg\PycharmProjects\mox_calibration_transfer\data\raw\B3_GMe_F010_R2.txt,B3_GMe_F010_R2.txt,B3,,3.0,,4.38
C:\Users\hg\PycharmProjects\mox_calibration_transfer\data\raw\B3_GMe_F010_R3.txt,B3_GMe_F010_R3.txt,B3,,3.0,,4.275537
C:\Users\hg\PycharmProjects\mox_calibration_transfer\data\raw\B3_GMe_F010_R4.txt,B3_GMe_F010_R4.txt,B3,,3.0,,4.379197
C:\Users\hg\PycharmProjects\mox_calibration_transfer\data\raw\B3_GMe_F020_R1.txt,B3_GMe_F020_R1.txt,B3,,3.0,,4.376058
C:\Users\hg\PycharmProjects\mox_calibration_transfer\data\raw\B3_GMe_F020_R2.txt,B3_GMe_F020_R2.txt,B3,,3.0,,4.377299
C:\Users\hg\PycharmProjects\mox_calibration_transfer\data\raw\B3_GMe_F020_R3.txt,B3_GMe_F020_R3.txt,B3,,3.0,,4.379854
C:\Users\hg\PycharmProjects\mox_calibration_transfer\data\raw\B3_GMe_F020_R4.txt,B3_GMe_F020_R4.txt,B3,,3.0,,4.379927
C:\Users\hg\PycharmProjects\mox_calibration_transfer\data\raw\B3_GMe_F030_R1.txt,B3_GMe_F030_R1.txt,B3,,3.0,,2.36812
C:\Users\hg\PycharmProjects\mox_calibration_transfer\data\raw\B3_GMe_F030_R2.txt,B3_GMe_F030_R2.txt,B3,,3.0,,4.377299
C:\Users\hg\PycharmProjects\mox_calibration_transfer\data\raw\B3_GMe_F030_R3.txt,B3_GMe_F030_R3.txt,B3,,3.0,,4.379927
C:\Users\hg\PycharmProjects\mox_calibration_transfer\data\raw\B3_GMe_F030_R4.txt,B3_GMe_F030_R4.txt,B3,,3.0,,4.37197
C:\Users\hg\PycharmProjects\mox_calibration_transfer\data\raw\B3_GMe_F040_R1.txt,B3_GMe_F040_R1.txt,B3,,3.0,,4.375839
C:\Users\hg\PycharmProjects\mox_calibration_transfer\data\raw\B3_GMe_F040_R2.txt,B3_GMe_F040_R2.txt,B3,,3.0,,4.379927
C:\Users\hg\PycharmProjects\mox_calibration_transfer\data\raw\B3_GMe_F040_R3.txt,B3_GMe_F040_R3.txt,B3,,3.0,,4.38
C:\Users\hg\PycharmProjects\mox_calibration_transfer\data\raw\B3_GMe_F040_R4.txt,B3_GMe_F040_R4.txt,B3,,3.0,,4.377956
C:\Users\hg\PycharmProjects\mox_calibration_transfer\data\raw\B3_GMe_F050_R1.txt,B3_GMe_F050_R1.txt,B3,,3.0,,4.38
C:\Users\hg\PycharmProjects\mox_calibration_transfer\data\raw\B3_GMe_F050_R2.txt,B3_GMe_F050_R2.txt,B3,,3.0,,4.377737
C:\Users\hg\PycharmProjects\mox_calibration_transfer\data\raw\B3_GMe_F050_R3.txt,B3_GMe_F050_R3.txt,B3,,3.0,,4.38
C:\Users\hg\PycharmProjects\mox_calibration_transfer\data\raw\B3_GMe_F050_R4.txt,B3_GMe_F050_R4.txt,B3,,3.0,,4.158737
C:\Users\hg\PycharmProjects\mox_calibration_transfer\data\raw\B3_GMe_F060_R1.txt,B3_GMe_F060_R1.txt,B3,,3.0,,4.38
C:\Users\hg\PycharmProjects\mox_calibration_transfer\data\raw\B3_GMe_F060_R2.txt,B3_GMe_F060_R2.txt,B3,,3.0,,4.379854
C:\Users\hg\PycharmProjects\mox_calibration_transfer\data\raw\B3_GMe_F060_R3.txt,B3_GMe_F060_R3.txt,B3,,3.0,,4.38
C:\Users\hg\PycharmProjects\mox_calibration_transfer\data\raw\B3_GMe_F060_R4.txt,B3_GMe_F060_R4.txt,B3,,3.0,,4.38
C:\Users\hg\PycharmProjects\mox_calibration_transfer\data\raw\B3_GMe_F070_R1.txt,B3_GMe_F070_R1.txt,B3,,3.0,,4.376861
C:\Users\hg\PycharmProjects\mox_calibration_transfer\data\raw\B3_GMe_F070_R2.txt,B3_GMe_F070_R2.txt,B3,,3.0,,4.379927
C:\Users\hg\PycharmProjects\mox_calibration_transfer\data\raw\B3_GMe_F070_R3.txt,B3_GMe_F070_R3.txt,B3,,3.0,,4.38
C:\Users\hg\PycharmProjects\mox_calibration_transfer\data\raw\B3_GMe_F070_R4.txt,B3_GMe_F070_R4.txt,B3,,3.0,,4.379781
C:\Users\hg\PycharmProjects\mox_calibration_transfer\data\raw\B3_GMe_F080_R1.txt,B3_GMe_F080_R1.txt,B3,,3.0,,4.373868
C:\Users\hg\PycharmProjects\mox_calibration_transfer\data\raw\B3_GMe_F080_R2.txt,B3_GMe_F080_R2.txt,B3,,3.0,,4.379854
C:\Users\hg\PycharmProjects\mox_calibration_transfer\data\raw\B3_GMe_F080_R3.txt,B3_GMe_F080_R3.txt,B3,,3.0,,4.374525
C:\Users\hg\PycharmProjects\mox_calibration_transfer\data\raw\B3_GMe_F080_R4.txt,B3_GMe_F080_R4.txt,B3,,3.0,,4.38
C:\Users\hg\PycharmProjects\mox_calibration_transfer\data\raw\B3_GMe_F090_R1.txt,B3_GMe_F090_R1.txt,B3,,3.0,,4.379927
C:\Users\hg\PycharmProjects\mox_calibration_transfer\data\raw\B3_GMe_F090_R2.txt,B3_GMe_F090_R2.txt,B3,,3.0,,4.369269
C:\Users\hg\PycharmProjects\mox_calibration_transfer\data\raw\B3_GMe_F090_R3.txt,B3_GMe_F090_R3.txt,B3,,3.0,,4.38
C:\Users\hg\PycharmProjects\mox_calibration_transfer\data\raw\B3_GMe_F090_R4.txt,B3_GMe_F090_R4.txt,B3,,3.0,,4.378248
C:\Users\hg\PycharmProjects\mox_calibration_transfer\data\raw\B3_GMe_F100_R1.txt,B3_GMe_F100_R1.txt,B3,,3.0,,4.377445
C:\Users\hg\PycharmProjects\mox_calibration_transfer\data\raw\B3_GMe_F100_R2.txt,B3_GMe_F100_R2.txt,B3,,3.0,,4.377299
C:\Users\hg\PycharmProjects\mox_calibration_transfer\data\raw\B3_GMe_F100_R3.txt,B3_GMe_F100_R3.txt,B3,,3.0,,3.58357
C:\Users\hg\PycharmProjects\mox_calibration_transfer\data\raw\B3_GMe_F100_R4.txt,B3_GMe_F100_R4.txt,B3,,3.0,,4.378613
C:\Users\hg\PycharmProjects\mox_calibration_transfer\data\raw\B4_GCO_F010_R1.txt,B4_GCO_F010_R1.txt,B4,carbon_monoxide,4.0,,4.38
C:\Users\hg\PycharmProjects\mox_calibration_transfer\data\raw\B4_GCO_F010_R2.txt,B4_GCO_F010_R2.txt,B4,carbon_monoxide,4.0,,4.379927
C:\Users\hg\PycharmProjects\mox_calibration_transfer\data\raw\B4_GCO_F020_R1.txt,B4_GCO_F020_R1.txt,B4,carbon_monoxide,4.0,,4.38
C:\Users\hg\PycharmProjects\mox_calibration_transfer\data\raw\B4_GCO_F020_R2.txt,B4_GCO_F020_R2.txt,B4,carbon_monoxide,4.0,,4.376861
C:\Users\hg\PycharmProjects\mox_calibration_transfer\data\raw\B4_GCO_F030_R1.txt,B4_GCO_F030_R1.txt,B4,carbon_monoxide,4.0,,4.379781
C:\Users\hg\PycharmProjects\mox_calibration_transfer\data\raw\B4_GCO_F030_R2.txt,B4_GCO_F030_R2.txt,B4,carbon_monoxide,4.0,,4.38
C:\Users\hg\PycharmProjects\mox_calibration_transfer\data\raw\B4_GCO_F040_R1.txt,B4_GCO_F040_R1.txt,B4,carbon_monoxide,4.0,,4.38
C:\Users\hg\PycharmProjects\mox_calibration_transfer\data\raw\B4_GCO_F040_R2.txt,B4_GCO_F040_R2.txt,B4,carbon_monoxide,4.0,,4.379927
C:\Users\hg\PycharmProjects\mox_calibration_transfer\data\raw\B4_GCO_F050_R1.txt,B4_GCO_F050_R1.txt,B4,carbon_monoxide,4.0,,4.38
C:\Users\hg\PycharmProjects\mox_calibration_transfer\data\raw\B4_GCO_F050_R2.txt,B4_GCO_F050_R2.txt,B4,carbon_monoxide,4.0,,4.377518
C:\Users\hg\PycharmProjects\mox_calibration_transfer\data\raw\B4_GCO_F060_R1.txt,B4_GCO_F060_R1.txt,B4,carbon_monoxide,4.0,,4.372262
C:\Users\hg\PycharmProjects\mox_calibration_transfer\data\raw\B4_GCO_F060_R2.txt,B4_GCO_F060_R2.txt,B4,carbon_monoxide,4.0,,4.379051
C:\Users\hg\PycharmProjects\mox_calibration_transfer\data\raw\B4_GCO_F070_R1.txt,B4_GCO_F070_R1.txt,B4,carbon_monoxide,4.0,,4.380073
C:\Users\hg\PycharmProjects\mox_calibration_transfer\data\raw\B4_GCO_F070_R2.txt,B4_GCO_F070_R2.txt,B4,carbon_monoxide,4.0,,4.37854
C:\Users\hg\PycharmProjects\mox_calibration_transfer\data\raw\B4_GCO_F080_R1.txt,B4_GCO_F080_R1.txt,B4,carbon_monoxide,4.0,,4.379197
C:\Users\hg\PycharmProjects\mox_calibration_transfer\data\raw\B4_GCO_F080_R2.txt,B4_GCO_F080_R2.txt,B4,carbon_monoxide,4.0,,4.38
C:\Users\hg\PycharmProjects\mox_calibration_transfer\data\raw\B4_GCO_F090_R1.txt,B4_GCO_F090_R1.txt,B4,carbon_monoxide,4.0,,4.375109
C:\Users\hg\PycharmProjects\mox_calibration_transfer\data\raw\B4_GCO_F090_R2.txt,B4_GCO_F090_R2.txt,B4,carbon_monoxide,4.0,,4.379927
C:\Users\hg\PycharmProjects\mox_calibration_transfer\data\raw\B4_GCO_F100_R1.txt,B4_GCO_F100_R1.txt,B4,carbon_monoxide,4.0,,4.38
C:\Users\hg\PycharmProjects\mox_calibration_transfer\data\raw\B4_GCO_F100_R2.txt,B4_GCO_F100_R2.txt,B4,carbon_monoxide,4.0,,4.379197
C:\Users\hg\PycharmProjects\mox_calibration_transfer\data\raw\B4_GEa_F010_R1.txt,B4_GEa_F010_R1.txt,B4,,4.0,,4.378832
C:\Users\hg\PycharmProjects\mox_calibration_transfer\data\raw\B4_GEa_F010_R2.txt,B4_GEa_F010_R2.txt,B4,,4.0,,4.38
C:\Users\hg\PycharmProjects\mox_calibration_transfer\data\raw\B4_GEa_F020_R1.txt,B4_GEa_F020_R1.txt,B4,,4.0,,4.374963
C:\Users\hg\PycharmProjects\mox_calibration_transfer\data\raw\B4_GEa_F020_R2.txt,B4_GEa_F020_R2.txt,B4,,4.0,,4.38
C:\Users\hg\PycharmProjects\mox_calibration_transfer\data\raw\B4_GEa_F030_R1.txt,B4_GEa_F030_R1.txt,B4,,4.0,,4.377737
C:\Users\hg\PycharmProjects\mox_calibration_transfer\data\raw\B4_GEa_F030_R2.txt,B4_GEa_F030_R2.txt,B4,,4.0,,4.38
C:\Users\hg\PycharmProjects\mox_calibration_transfer\data\raw\B4_GEa_F040_R1.txt,B4_GEa_F040_R1.txt,B4,,4.0,,4.378394
C:\Users\hg\PycharmProjects\mox_calibration_transfer\data\raw\B4_GEa_F040_R2.txt,B4_GEa_F040_R2.txt,B4,,4.0,,4.38
C:\Users\hg\PycharmProjects\mox_calibration_transfer\data\raw\B4_GEa_F050_R1.txt,B4_GEa_F050_R1.txt,B4,,4.0,,4.355545
C:\Users\hg\PycharmProjects\mox_calibration_transfer\data\raw\B4_GEa_F050_R2.txt,B4_GEa_F050_R2.txt,B4,,4.0,,4.378248
C:\Users\hg\PycharmProjects\mox_calibration_transfer\data\raw\B4_GEa_F060_R1.txt,B4_GEa_F060_R1.txt,B4,,4.0,,4.378613
C:\Users\hg\PycharmProjects\mox_calibration_transfer\data\raw\B4_GEa_F060_R2.txt,B4_GEa_F060_R2.txt,B4,,4.0,,4.38
C:\Users\hg\PycharmProjects\mox_calibration_transfer\data\raw\B4_GEa_F070_R1.txt,B4_GEa_F070_R1.txt,B4,,4.0,,4.378321
C:\Users\hg\PycharmProjects\mox_calibration_transfer\data\raw\B4_GEa_F070_R2.txt,B4_GEa_F070_R2.txt,B4,,4.0,,4.38
C:\Users\hg\PycharmProjects\mox_calibration_transfer\data\raw\B4_GEa_F080_R1.txt,B4_GEa_F080_R1.txt,B4,,4.0,,4.374817
C:\Users\hg\PycharmProjects\mox_calibration_transfer\data\raw\B4_GEa_F080_R2.txt,B4_GEa_F080_R2.txt,B4,,4.0,,4.376715
C:\Users\hg\PycharmProjects\mox_calibration_transfer\data\raw\B4_GEa_F090_R1.txt,B4_GEa_F090_R1.txt,B4,,4.0,,4.374963
C:\Users\hg\PycharmProjects\mox_calibration_transfer\data\raw\B4_GEa_F090_R2.txt,B4_GEa_F090_R2.txt,B4,,4.0,,4.375547
C:\Users\hg\PycharmProjects\mox_calibration_transfer\data\raw\B4_GEa_F100_R1.txt,B4_GEa_F100_R1.txt,B4,,4.0,,3.861262
C:\Users\hg\PycharmProjects\mox_calibration_transfer\data\raw\B4_GEa_F100_R2.txt,B4_GEa_F100_R2.txt,B4,,4.0,,4.379635
C:\Users\hg\PycharmProjects\mox_calibration_transfer\data\raw\B4_GEy_F010_R1.txt,B4_GEy_F010_R1.txt,B4,,4.0,,4.38
C:\Users\hg\PycharmProjects\mox_calibration_transfer\data\raw\B4_GEy_F010_R2.txt,B4_GEy_F010_R2.txt,B4,,4.0,,4.376423
C:\Users\hg\PycharmProjects\mox_calibration_transfer\data\raw\B4_GEy_F020_R1.txt,B4_GEy_F020_R1.txt,B4,,4.0,,4.369926
C:\Users\hg\PycharmProjects\mox_calibration_transfer\data\raw\B4_GEy_F020_R2.txt,B4_GEy_F020_R2.txt,B4,,4.0,,4.377956
C:\Users\hg\PycharmProjects\mox_calibration_transfer\data\raw\B4_GEy_F030_R1.txt,B4_GEy_F030_R1.txt,B4,,4.0,,4.38
C:\Users\hg\PycharmProjects\mox_calibration_transfer\data\raw\B4_GEy_F030_R2.txt,B4_GEy_F030_R2.txt,B4,,4.0,,4.367298
C:\Users\hg\PycharmProjects\mox_calibration_transfer\data\raw\B4_GEy_F040_R1.txt,B4_GEy_F040_R1.txt,B4,,4.0,,4.38
C:\Users\hg\PycharmProjects\mox_calibration_transfer\data\raw\B4_GEy_F040_R2.txt,B4_GEy_F040_R2.txt,B4,,4.0,,4.38
C:\Users\hg\PycharmProjects\mox_calibration_transfer\data\raw\B4_GEy_F050_R1.txt,B4_GEy_F050_R1.txt,B4,,4.0,,4.38
C:\Users\hg\PycharmProjects\mox_calibration_transfer\data\raw\B4_GEy_F050_R2.txt,B4_GEy_F050_R2.txt,B4,,4.0,,4.374233
C:\Users\hg\PycharmProjects\mox_calibration_transfer\data\raw\B4_GEy_F060_R1.txt,B4_GEy_F060_R1.txt,B4,,4.0,,4.379927
C:\Users\hg\PycharmProjects\mox_calibration_transfer\data\raw\B4_GEy_F060_R2.txt,B4_GEy_F060_R2.txt,B4,,4.0,,4.38
C:\Users\hg\PycharmProjects\mox_calibration_transfer\data\raw\B4_GEy_F070_R1.txt,B4_GEy_F070_R1.txt,B4,,4.0,,4.378832
C:\Users\hg\PycharmProjects\mox_calibration_transfer\data\raw\B4_GEy_F070_R2.txt,B4_GEy_F070_R2.txt,B4,,4.0,,4.314884
C:\Users\hg\PycharmProjects\mox_calibration_transfer\data\raw\B4_GEy_F080_R1.txt,B4_GEy_F080_R1.txt,B4,,4.0,,4.379124
C:\Users\hg\PycharmProjects\mox_calibration_transfer\data\raw\B4_GEy_F080_R2.txt,B4_GEy_F080_R2.txt,B4,,4.0,,4.372408
C:\Users\hg\PycharmProjects\mox_calibration_transfer\data\raw\B4_GEy_F090_R1.txt,B4_GEy_F090_R1.txt,B4,,4.0,,4.376423
C:\Users\hg\PycharmProjects\mox_calibration_transfer\data\raw\B4_GEy_F090_R2.txt,B4_GEy_F090_R2.txt,B4,,4.0,,4.38
C:\Users\hg\PycharmProjects\mox_calibration_transfer\data\raw\B4_GEy_F100_R1.txt,B4_GEy_F100_R1.txt,B4,,4.0,,4.379343
C:\Users\hg\PycharmProjects\mox_calibration_transfer\data\raw\B4_GEy_F100_R2.txt,B4_GEy_F100_R2.txt,B4,,4.0,,4.379927
C:\Users\hg\PycharmProjects\mox_calibration_transfer\data\raw\B4_GMe_F010_R1.txt,B4_GMe_F010_R1.txt,B4,,4.0,,4.379927
C:\Users\hg\PycharmProjects\mox_calibration_transfer\data\raw\B4_GMe_F010_R2.txt,B4_GMe_F010_R2.txt,B4,,4.0,,4.377226
C:\Users\hg\PycharmProjects\mox_calibration_transfer\data\raw\B4_GMe_F020_R1.txt,B4_GMe_F020_R1.txt,B4,,4.0,,4.380073
C:\Users\hg\PycharmProjects\mox_calibration_transfer\data\raw\B4_GMe_F020_R2.txt,B4_GMe_F020_R2.txt,B4,,4.0,,4.374087
C:\Users\hg\PycharmProjects\mox_calibration_transfer\data\raw\B4_GMe_F030_R1.txt,B4_GMe_F030_R1.txt,B4,,4.0,,4.380073
C:\Users\hg\PycharmProjects\mox_calibration_transfer\data\raw\B4_GMe_F030_R2.txt,B4_GMe_F030_R2.txt,B4,,4.0,,4.378759
C:\Users\hg\PycharmProjects\mox_calibration_transfer\data\raw\B4_GMe_F040_R1.txt,B4_GMe_F040_R1.txt,B4,,4.0,,4.378978
C:\Users\hg\PycharmProjects\mox_calibration_transfer\data\raw\B4_GMe_F040_R2.txt,B4_GMe_F040_R2.txt,B4,,4.0,,4.379416
C:\Users\hg\PycharmProjects\mox_calibration_transfer\data\raw\B4_GMe_F050_R1.txt,B4_GMe_F050_R1.txt,B4,,4.0,,4.379051
C:\Users\hg\PycharmProjects\mox_calibration_transfer\data\raw\B4_GMe_F050_R2.txt,B4_GMe_F050_R2.txt,B4,,4.0,,4.379635
C:\Users\hg\PycharmProjects\mox_calibration_transfer\data\raw\B4_GMe_F060_R1.txt,B4_GMe_F060_R1.txt,B4,,4.0,,4.38
C:\Users\hg\PycharmProjects\mox_calibration_transfer\data\raw\B4_GMe_F060_R2.txt,B4_GMe_F060_R2.txt,B4,,4.0,,4.379708
C:\Users\hg\PycharmProjects\mox_calibration_transfer\data\raw\B4_GMe_F070_R1.txt,B4_GMe_F070_R1.txt,B4,,4.0,,4.378029
C:\Users\hg\PycharmProjects\mox_calibration_transfer\data\raw\B4_GMe_F070_R2.txt,B4_GMe_F070_R2.txt,B4,,4.0,,4.182608
C:\Users\hg\PycharmProjects\mox_calibration_transfer\data\raw\B4_GMe_F080_R1.txt,B4_GMe_F080_R1.txt,B4,,4.0,,4.035659
C:\Users\hg\PycharmProjects\mox_calibration_transfer\data\raw\B4_GMe_F080_R2.txt,B4_GMe_F080_R2.txt,B4,,4.0,,4.377299
C:\Users\hg\PycharmProjects\mox_calibration_transfer\data\raw\B4_GMe_F090_R1.txt,B4_GMe_F090_R1.txt,B4,,4.0,,4.38
C:\Users\hg\PycharmProjects\mox_calibration_transfer\data\raw\B4_GMe_F090_R2.txt,B4_GMe_F090_R2.txt,B4,,4.0,,4.374014
C:\Users\hg\PycharmProjects\mox_calibration_transfer\data\raw\B4_GMe_F100_R1.txt,B4_GMe_F100_R1.txt,B4,,4.0,,4.38
C:\Users\hg\PycharmProjects\mox_calibration_transfer\data\raw\B4_GMe_F100_R2.txt,B4_GMe_F100_R2.txt,B4,,4.0,,4.379124
C:\Users\hg\PycharmProjects\mox_calibration_transfer\data\raw\B5_GCO_F010_R1.txt,B5_GCO_F010_R1.txt,B5,carbon_monoxide,5.0,,4.378905
C:\Users\hg\PycharmProjects\mox_calibration_transfer\data\raw\B5_GCO_F010_R2.txt,B5_GCO_F010_R2.txt,B5,carbon_monoxide,5.0,,4.278019
C:\Users\hg\PycharmProjects\mox_calibration_transfer\data\raw\B5_GCO_F020_R1.txt,B5_GCO_F020_R1.txt,B5,carbon_monoxide,5.0,,4.379708
C:\Users\hg\PycharmProjects\mox_calibration_transfer\data\raw\B5_GCO_F020_R2.txt,B5_GCO_F020_R2.txt,B5,carbon_monoxide,5.0,,4.37854
C:\Users\hg\PycharmProjects\mox_calibration_transfer\data\raw\B5_GCO_F030_R1.txt,B5_GCO_F030_R1.txt,B5,carbon_monoxide,5.0,,4.37708
C:\Users\hg\PycharmProjects\mox_calibration_transfer\data\raw\B5_GCO_F030_R2.txt,B5_GCO_F030_R2.txt,B5,carbon_monoxide,5.0,,4.378321
C:\Users\hg\PycharmProjects\mox_calibration_transfer\data\raw\B5_GCO_F040_R1.txt,B5_GCO_F040_R1.txt,B5,carbon_monoxide,5.0,,4.375109
C:\Users\hg\PycharmProjects\mox_calibration_transfer\data\raw\B5_GCO_F040_R2.txt,B5_GCO_F040_R2.txt,B5,carbon_monoxide,5.0,,4.365838
C:\Users\hg\PycharmProjects\mox_calibration_transfer\data\raw\B5_GCO_F050_R1.txt,B5_GCO_F050_R1.txt,B5,carbon_monoxide,5.0,,4.377518
C:\Users\hg\PycharmProjects\mox_calibration_transfer\data\raw\B5_GCO_F050_R2.txt,B5_GCO_F050_R2.txt,B5,carbon_monoxide,5.0,,4.371313
C:\Users\hg\PycharmProjects\mox_calibration_transfer\data\raw\B5_GCO_F060_R1.txt,B5_GCO_F060_R1.txt,B5,carbon_monoxide,5.0,,4.379927
C:\Users\hg\PycharmProjects\mox_calibration_transfer\data\raw\B5_GCO_F060_R2.txt,B5_GCO_F060_R2.txt,B5,carbon_monoxide,5.0,,4.374233
C:\Users\hg\PycharmProjects\mox_calibration_transfer\data\raw\B5_GCO_F070_R1.txt,B5_GCO_F070_R1.txt,B5,carbon_monoxide,5.0,,4.378248
C:\Users\hg\PycharmProjects\mox_calibration_transfer\data\raw\B5_GCO_F070_R2.txt,B5_GCO_F070_R2.txt,B5,carbon_monoxide,5.0,,4.367444
C:\Users\hg\PycharmProjects\mox_calibration_transfer\data\raw\B5_GCO_F080_R1.txt,B5_GCO_F080_R1.txt,B5,carbon_monoxide,5.0,,4.374233
C:\Users\hg\PycharmProjects\mox_calibration_transfer\data\raw\B5_GCO_F080_R2.txt,B5_GCO_F080_R2.txt,B5,carbon_monoxide,5.0,,4.379708
C:\Users\hg\PycharmProjects\mox_calibration_transfer\data\raw\B5_GCO_F090_R1.txt,B5_GCO_F090_R1.txt,B5,carbon_monoxide,5.0,,4.38
C:\Users\hg\PycharmProjects\mox_calibration_transfer\data\raw\B5_GCO_F090_R2.txt,B5_GCO_F090_R2.txt,B5,carbon_monoxide,5.0,,4.375182
C:\Users\hg\PycharmProjects\mox_calibration_transfer\data\raw\B5_GCO_F100_R1.txt,B5_GCO_F100_R1.txt,B5,carbon_monoxide,5.0,,4.374963
C:\Users\hg\PycharmProjects\mox_calibration_transfer\data\raw\B5_GCO_F100_R2.txt,B5_GCO_F100_R2.txt,B5,carbon_monoxide,5.0,,4.379927
C:\Users\hg\PycharmProjects\mox_calibration_transfer\data\raw\B5_GEa_F010_R1.txt,B5_GEa_F010_R1.txt,B5,,5.0,,4.208742
C:\Users\hg\PycharmProjects\mox_calibration_transfer\data\raw\B5_GEa_F010_R2.txt,B5_GEa_F010_R2.txt,B5,,5.0,,4.378102
C:\Users\hg\PycharmProjects\mox_calibration_transfer\data\raw\B5_GEa_F020_R1.txt,B5_GEa_F020_R1.txt,B5,,5.0,,4.206479
C:\Users\hg\PycharmProjects\mox_calibration_transfer\data\raw\B5_GEa_F020_R2.txt,B5_GEa_F020_R2.txt,B5,,5.0,,4.371313
C:\Users\hg\PycharmProjects\mox_calibration_transfer\data\raw\B5_GEa_F030_R1.txt,B5_GEa_F030_R1.txt,B5,,5.0,,4.215969
C:\Users\hg\PycharmProjects\mox_calibration_transfer\data\raw\B5_GEa_F030_R2.txt,B5_GEa_F030_R2.txt,B5,,5.0,,4.37781
C:\Users\hg\PycharmProjects\mox_calibration_transfer\data\raw\B5_GEa_F040_R1.txt,B5_GEa_F040_R1.txt,B5,,5.0,,4.212684
C:\Users\hg\PycharmProjects\mox_calibration_transfer\data\raw\B5_GEa_F040_R2.txt,B5_GEa_F040_R2.txt,B5,,5.0,,4.38
C:\Users\hg\PycharmProjects\mox_calibration_transfer\data\raw\B5_GEa_F050_R1.txt,B5_GEa_F050_R1.txt,B5,,5.0,,4.221809
C:\Users\hg\PycharmProjects\mox_calibration_transfer\data\raw\B5_GEa_F050_R2.txt,B5_GEa_F050_R2.txt,B5,,5.0,,4.377445
C:\Users\hg\PycharmProjects\mox_calibration_transfer\data\raw\B5_GEa_F060_R1.txt,B5_GEa_F060_R1.txt,B5,,5.0,,4.219254
C:\Users\hg\PycharmProjects\mox_calibration_transfer\data\raw\B5_GEa_F060_R2.txt,B5_GEa_F060_R2.txt,B5,,5.0,,4.378978
C:\Users\hg\PycharmProjects\mox_calibration_transfer\data\raw\B5_GEa_F070_R1.txt,B5_GEa_F070_R1.txt,B5,,5.0,,3.454506
C:\Users\hg\PycharmProjects\mox_calibration_transfer\data\raw\B5_GEa_F070_R2.txt,B5_GEa_F070_R2.txt,B5,,5.0,,4.38
C:\Users\hg\PycharmProjects\mox_calibration_transfer\data\raw\B5_GEa_F080_R1.txt,B5_GEa_F080_R1.txt,B5,,5.0,,4.240132
C:\Users\hg\PycharmProjects\mox_calibration_transfer\data\raw\B5_GEa_F080_R2.txt,B5_GEa_F080_R2.txt,B5,,5.0,,4.314154
C:\Users\hg\PycharmProjects\mox_calibration_transfer\data\raw\B5_GEa_F090_R1.txt,B5_GEa_F090_R1.txt,B5,,5.0,,4.254221
C:\Users\hg\PycharmProjects\mox_calibration_transfer\data\raw\B5_GEa_F090_R2.txt,B5_GEa_F090_R2.txt,B5,,5.0,,4.372627
C:\Users\hg\PycharmProjects\mox_calibration_transfer\data\raw\B5_GEa_F100_R1.txt,B5_GEa_F100_R1.txt,B5,,5.0,,4.221444
C:\Users\hg\PycharmProjects\mox_calibration_transfer\data\raw\B5_GEa_F100_R2.txt,B5_GEa_F100_R2.txt,B5,,5.0,,4.127858
C:\Users\hg\PycharmProjects\mox_calibration_transfer\data\raw\B5_GEy_F010_R1.txt,B5_GEy_F010_R1.txt,B5,,5.0,,4.38
C:\Users\hg\PycharmProjects\mox_calibration_transfer\data\raw\B5_GEy_F010_R2.txt,B5_GEy_F010_R2.txt,B5,,5.0,,4.377372
C:\Users\hg\PycharmProjects\mox_calibration_transfer\data\raw\B5_GEy_F020_R1.txt,B5_GEy_F020_R1.txt,B5,,5.0,,4.379489
C:\Users\hg\PycharmProjects\mox_calibration_transfer\data\raw\B5_GEy_F020_R2.txt,B5_GEy_F020_R2.txt,B5,,5.0,,4.379708
C:\Users\hg\PycharmProjects\mox_calibration_transfer\data\raw\B5_GEy_F030_R1.txt,B5_GEy_F030_R1.txt,B5,,5.0,,4.38
C:\Users\hg\PycharmProjects\mox_calibration_transfer\data\raw\B5_GEy_F030_R2.txt,B5_GEy_F030_R2.txt,B5,,5.0,,4.363721
C:\Users\hg\PycharmProjects\mox_calibration_transfer\data\raw\B5_GEy_F040_R1.txt,B5_GEy_F040_R1.txt,B5,,5.0,,4.378394
C:\Users\hg\PycharmProjects\mox_calibration_transfer\data\raw\B5_GEy_F040_R2.txt,B5_GEy_F040_R2.txt,B5,,5.0,,4.38
C:\Users\hg\PycharmProjects\mox_calibration_transfer\data\raw\B5_GEy_F050_R1.txt,B5_GEy_F050_R1.txt,B5,,5.0,,4.37781
C:\Users\hg\PycharmProjects\mox_calibration_transfer\data\raw\B5_GEy_F050_R2.txt,B5_GEy_F050_R2.txt,B5,,5.0,,4.378905
C:\Users\hg\PycharmProjects\mox_calibration_transfer\data\raw\B5_GEy_F060_R1.txt,B5_GEy_F060_R1.txt,B5,,5.0,,4.38
C:\Users\hg\PycharmProjects\mox_calibration_transfer\data\raw\B5_GEy_F060_R2.txt,B5_GEy_F060_R2.txt,B5,,5.0,,4.38
C:\Users\hg\PycharmProjects\mox_calibration_transfer\data\raw\B5_GEy_F070_R1.txt,B5_GEy_F070_R1.txt,B5,,5.0,,4.374963
C:\Users\hg\PycharmProjects\mox_calibration_transfer\data\raw\B5_GEy_F070_R2.txt,B5_GEy_F070_R2.txt,B5,,5.0,,3.496481
C:\Users\hg\PycharmProjects\mox_calibration_transfer\data\raw\B5_GEy_F080_R1.txt,B5_GEy_F080_R1.txt,B5,,5.0,,4.379416
C:\Users\hg\PycharmProjects\mox_calibration_transfer\data\raw\B5_GEy_F080_R2.txt,B5_GEy_F080_R2.txt,B5,,5.0,,4.364451
C:\Users\hg\PycharmProjects\mox_calibration_transfer\data\raw\B5_GEy_F090_R1.txt,B5_GEy_F090_R1.txt,B5,,5.0,,4.379854
C:\Users\hg\PycharmProjects\mox_calibration_transfer\data\raw\B5_GEy_F090_R2.txt,B5_GEy_F090_R2.txt,B5,,5.0,,4.38
C:\Users\hg\PycharmProjects\mox_calibration_transfer\data\raw\B5_GEy_F100_R1.txt,B5_GEy_F100_R1.txt,B5,,5.0,,4.38
C:\Users\hg\PycharmProjects\mox_calibration_transfer\data\raw\B5_GEy_F100_R2.txt,B5_GEy_F100_R2.txt,B5,,5.0,,4.371167
C:\Users\hg\PycharmProjects\mox_calibration_transfer\data\raw\B5_GMe_F010_R1.txt,B5_GMe_F010_R1.txt,B5,,5.0,,4.379927
C:\Users\hg\PycharmProjects\mox_calibration_transfer\data\raw\B5_GMe_F010_R2.txt,B5_GMe_F010_R2.txt,B5,,5.0,,4.254075
C:\Users\hg\PycharmProjects\mox_calibration_transfer\data\raw\B5_GMe_F020_R1.txt,B5_GMe_F020_R1.txt,B5,,5.0,,4.379635
C:\Users\hg\PycharmProjects\mox_calibration_transfer\data\raw\B5_GMe_F020_R2.txt,B5_GMe_F020_R2.txt,B5,,5.0,,4.376131
C:\Users\hg\PycharmProjects\mox_calibration_transfer\data\raw\B5_GMe_F030_R1.txt,B5_GMe_F030_R1.txt,B5,,5.0,,4.379927
C:\Users\hg\PycharmProjects\mox_calibration_transfer\data\raw\B5_GMe_F030_R2.txt,B5_GMe_F030_R2.txt,B5,,5.0,,4.06391
C:\Users\hg\PycharmProjects\mox_calibration_transfer\data\raw\B5_GMe_F040_R1.txt,B5_GMe_F040_R1.txt,B5,,5.0,,4.378832
C:\Users\hg\PycharmProjects\mox_calibration_transfer\data\raw\B5_GMe_F040_R2.txt,B5_GMe_F040_R2.txt,B5,,5.0,,4.379927
C:\Users\hg\PycharmProjects\mox_calibration_transfer\data\raw\B5_GMe_F050_R1.txt,B5_GMe_F050_R1.txt,B5,,5.0,,1.408097
C:\Users\hg\PycharmProjects\mox_calibration_transfer\data\raw\B5_GMe_F050_R2.txt,B5_GMe_F050_R2.txt,B5,,5.0,,4.359414
C:\Users\hg\PycharmProjects\mox_calibration_transfer\data\raw\B5_GMe_F060_R1.txt,B5_GMe_F060_R1.txt,B5,,5.0,,4.379854
C:\Users\hg\PycharmProjects\mox_calibration_transfer\data\raw\B5_GMe_F060_R2.txt,B5_GMe_F060_R2.txt,B5,,5.0,,4.375109
C:\Users\hg\PycharmProjects\mox_calibration_transfer\data\raw\B5_GMe_F070_R1.txt,B5_GMe_F070_R1.txt,B5,,5.0,,4.379124
C:\Users\hg\PycharmProjects\mox_calibration_transfer\data\raw\B5_GMe_F070_R2.txt,B5_GMe_F070_R2.txt,B5,,5.0,,4.379781
C:\Users\hg\PycharmProjects\mox_calibration_transfer\data\raw\B5_GMe_F080_R1.txt,B5_GMe_F080_R1.txt,B5,,5.0,,4.38
C:\Users\hg\PycharmProjects\mox_calibration_transfer\data\raw\B5_GMe_F080_R2.txt,B5_GMe_F080_R2.txt,B5,,5.0,,4.207574
C:\Users\hg\PycharmProjects\mox_calibration_transfer\data\raw\B5_GMe_F090_R1.txt,B5_GMe_F090_R1.txt,B5,,5.0,,2.950879
C:\Users\hg\PycharmProjects\mox_calibration_transfer\data\raw\B5_GMe_F090_R2.txt,B5_GMe_F090_R2.txt,B5,,5.0,,4.376715
C:\Users\hg\PycharmProjects\mox_calibration_transfer\data\raw\B5_GMe_F100_R1.txt,B5_GMe_F100_R1.txt,B5,,5.0,,4.204508
C:\Users\hg\PycharmProjects\mox_calibration_transfer\data\raw\B5_GMe_F100_R2.txt,B5_GMe_F100_R2.txt,B5,,5.0,,4.38
